EntityType,OldId,NewId,Name,Status,Error
MaterialCategory,18,48,ХДФ 3мм белый,Imported,
MaterialCategory,19,55,Столешницы 26/38 мм,Imported,
MaterialCategory,20,54,ЛДСП предоставляемый Заказчиком,Imported,
MaterialCategory,21,47,AGT и  Evogloss/ Evosoft 18мм,Imported,
MaterialCategory,25,56,Фасадные,Imported,
MaterialCategory,26,42,ЛДСП 16мм. УВАДРЕВ 2750х1830 ,Imported,
MaterialCategory,27,43,ЛДСП 16мм. SWISS CRONO 2750х1830 ,Imported,
MaterialCategory,28,44,ЛДСП 16мм. SWISS CRONO 2800х2070 ,Imported,
MaterialCategory,29,46,ЛДСП 16мм. EGGER 2800х2070 ,Imported,
MaterialCategory,30,50,"ЛДСП толщина 22мм-25мм (УваДрев, Swiss Crono, Egger, Lamarty, NORDECO)                            ",Imported,
MaterialCategory,31,49,"ЛДСП толщина 10мм. (УваДрев, Swiss Crono, Lamarty, NORDECO)",Imported,
MaterialCategory,32,51,ЛДСП 16мм. LAMARTY 2750х1830 ,Imported,
MaterialCategory,33,53,BYSPAN 16мм                 2800х2700 ,Imported,
MaterialCategory,34,52,NORDECO 16мм 2750х1830 ,Imported,
MaterialCategory,35,45,ЛДСП 16мм. УЛЬТРАДЕКОР 2800х2070,Imported,
Material,1,1208,"ЛДСП 10мм. вписывайте в окно ""Цвет плиты"", арт. производителя !!! (удалён)",Imported,
Material,2,1207,"ЛДСП 16 мм  вписывайте в окно ""Цвет плиты"", арт. производителя !!! (удалён)",Imported,
Material,5,1206,"ЛДСП 25мм. вписывайте в окно ""Цвет плиты"", арт. производителя !!! (удалён)",Imported,
Material,12,816,ХДФ 3мм белый,Imported,
Material,18,668, 729 New Grey Серый Софт 2гр,Imported,
Material,19,669,734 White Белый Софт 2гр,Imported,
Material,20,670,670 White Белый Глянец 4гр,Imported,
Material,21,671,647 Bianco Бъянко Глянец 2гр,Imported,
Material,22,672,605 Cream Крем Глянец 2гр,Imported,
Material,23,673,735 Relax Green Зеленный шелк Софт 2гр,Imported,
Material,24,674, 730 Cream Крем Софт 2гр,Imported,
Material,25,675,601 White Белый Глянец 2гр,Imported,
Material,26,676,6008 Deluxe Grey Серый делюкс Глянец 2гр,Imported,
Material,27,677,878 New Vison Визон новый Глянец --,Imported,
Material,28,678,693 Крем галакси Глянец --,Imported,
Material,29,679,726 Storm Grey Серый шторм Софт 2гр,Imported,
Material,30,680,732 Vizon Визон Софт 2гр,Imported,
Material,31,681,623 Vizon Визон Глянец 2гр,Imported,
Material,32,682,654 German Oak Дуб германский Глянец 3гр,Imported,
Material,33,683,390 Grey Серый Матовый 2гр,Imported,
Material,34,684,728 Stone Grey Серый камень Софт 2гр,Imported,
Material,35,685,388 Light Wood Светлое дерево Матовые 4гр,Imported,
Material,36,686,608 Антрацит Металлик 4гр,Imported,
Material,37,687,383 Beyaz Белый Матовый 4гр,Imported,
Material,38,688,603 Elm Вяз Металл 3гр,Imported,
Material,39,689,6021 Chrome Grey Серый хром Глянец 2гр,Imported,
Material,40,690,3010 Pearl Black Черный жемчужный Супермат,Imported,
Material,42,691,6002 New Black Черный Глянец 2гр,Imported,
Material,43,692,374 Grey Country Кантри Cерый 3гр,Imported,
Material,44,693,3019 Sahara Cream Сахара крем Супермат,Imported,
Material,45,694,3015 Macaron Green Супермат,Imported,
Material,46,695,640 Медовый туман Галакси --,Imported,
Material,47,696,6004 Pearl White Белый перламутровый Глянец 4гр,Imported,
Material,48,697,3023 Dolphin Grey Долфин Грей Супермат,Imported,
Material,49,698,391 Beige Бежевый камень Матовые 2гр,Imported,
Material,51,1214,MДФ 16мм ПВХ,Imported,
Material,52,1213,MДФ 19 мм Эмаль,Imported,
Material,53,699,3033 Galaxy Grey Галактика Грей Матовые 4гр,Imported,
Material,54,700,6020 Trend Grey Трендовый Серый Глянец 3гр,Imported,
Material,55,701,6022 Anthrracite Антрацит Глянец 2гр,Imported,
Material,56,702,727 Beige Sand Бежевый песок Софты --,Imported,
Material,65,703,382 Bella Gold Матовые 2гр,Imported,
Material,67,704,300 Inox Эксклюзив 4гр,Imported,
Material,68,705,378 Light Linen Лен легкий Матовые 2гр,Imported,
Material,69,706,379 Dark Linen Лен темный Матовые 2гр,Imported,
Material,70,707,394 Picasso Inox Эксклюзивы 4гр,Imported,
Material,71,708,395 Picasso Gold Пикассо золото Эксклюзив 4гр,Imported,
Material,72,709,396 Picasso Bronze Пикассо Бронза Эксклюзив --,Imported,
Material,73,710,6003 Silver Серебряный Глянец 4гр,Imported,
Material,76,711,696 Rubic Brown Рубик Браун Глянец 4гр,Imported,
Material,77,712,695 Rubic Black Глянец 4гр,Imported,
Material,78,713,686 Dark Linen Лен темный Глянец 4гр,Imported,
Material,79,714,680 Terra Star Глянец 4гр,Imported,
Material,80,715,675 Line Pearl Жемчуг Глянец 4гр,Imported,
Material,82,716,662 White Sahara Белая сахара Глянец 4гр,Imported,
Material,83,717,663 Damson Sahara Дамсон сахара Глянец 4гр,Imported,
Material,84,718,661 Black Sahara Черная Сахара Глянец 4гр,Imported,
Material,85,719,641Crocodile Глянец 4гр,Imported,
Material,86,720,646 Coffe Nature Глянец --,Imported,
Material,87,721,664 Wavy White Волнистый белый Глянец 3гр,Imported,
Material,88,722,637 Black Veneer Narcissus Глянец 4гр.,Imported,
Material,89,723,624 Rain Black Черный дождь Глянец --,Imported,
Material,90,724,3032 Loft Лофт Матовые 4гр,Imported,
Material,91,725,3030 White Marble Белый мрамор Матовые 3гр,Imported,
Material,92,726,3031 Black Marble Черный мрамор Матовые 3гр,Imported,
Material,93,727,6018 White Marble Белый мрамор Глянец 3гр,Imported,
Material,94,728,6019 Black Marble Черный мрамор Глянец 3гр,Imported,
Material,95,729,397 Natural Touch Oak Дуб натуральный 4гр,Imported,
Material,96,730,389 Toledo Dark Wood Темный Вуд 4гр,Imported,
Material,97,731,737 Siena Wood Софты 4гр,Imported,
Material,99,732,667 White Marble Белый мрамор Глянец 3гр,Imported,
Material,101,733,633 Imperia Глянец 3гр,Imported,
Material,102,734,627 MilanoWalnut Орех милан Глянец 3гр,Imported,
Material,106,735,617 Oregon Walnut  Орех орегон Глянец 3гр,Imported,
Material,108,736,674 Terra Latte Глянец 3гр,Imported,
Material,109,737,651 Brown Коричневая  Глянец 3гр,Imported,
Material,110,738,653 Terra Brown Глянец 3гр,Imported,
Material,111,739,6007 Ephesus White Белый Эфес Глянец 3гр,Imported,
Material,112,740,6006 Ephesus Black 3гр,Imported,
Material,113,741,736 Ocean Blue Синий океан Софты 2гр,Imported,
Material,116,742,723 Black Черный Софты 2гр,Imported,
Material,117,743,3006 White Белый Галакси Матовые 4гр,Imported,
Material,118,744,3005 Cream Крем Галакси Матовые 4гр,Imported,
Material,119,745,3008 Honey Mist Медовый туман Галакси Матовые  4гр,Imported,
Material,121,746,3009 Black Черный Галакси Матовые 4гр,Imported,
Material,122,747,385 Cashmere Cream Крем кашемир Матовые 4гр,Imported,
Material,123,748,387 Cashemer Grey Серый кашемир Матовый 4гр,Imported,
Material,124,749,386 Cashemere Copper Медный кашемир Матовый 4гр,Imported,
Material,125,750,384 Cashemere Gold Золото кашемир Матовые 4гр,Imported,
Material,126,751,6017 Cool Grey Cерый холодный Глянец 2гр,Imported,
Material,127,752,645 Olive Green Оливково зеленный Глянец 2гр,Imported,
Material,128,753,612 Orange Оранжевый Глянец --,Imported,
Material,133,754,678 Galaxy Cream Кремовый Глянец 4гр,Imported,
Material,134,755,640 Galaxy Honey Mist Медовый туман Глянец 4гр,Imported,
Material,135,756,679 Galaxy Dore Глянец 4гр,Imported,
Material,136,757,677 Galaxy Black Черный Глянец 4гр,Imported,
Material,137,758,699 Metalik White Белый Металлик 4гр,Imported,
Material,139,759,687 Metallic Gold Золотой Металлик 4гр,Imported,
Material,140,760,688 Metallik Brown Коричневый Металлик 4гр,Imported,
Material,141,761,3012 Snow White Белый Супермат,Imported,
Material,142,762,3028 Pearl White Жемчужно белый Супермат,Imported,
Material,143,763,3018 Moonlinght Лунный свет Супермат,Imported,
Material,144,764,3013 Breeze Beige Бежевый бриз Супермат,Imported,
Material,145,765,3020 Safari Grey Сафари Грей Супермат ,Imported,
Material,146,766,3016 Pink Daisy Розовая ромашка Супермат,Imported,
Material,147,767,3021 Ice Grey Ледяной серый Супермат,Imported,
Material,148,768,3017 Timeless Grey Вечный серый Супермат,Imported,
Material,149,769,3027 Forest Green Зеленый лес Супермат,Imported,
Material,150,770,3029 Pasific Тихоокеанский Супермат,Imported,
Material,151,771,3011 London Blues Лондонский блюз Супермат,Imported,
Material,152,772,3026 Rustic red Деревенский красный Мастер,Imported,
Material,153,773,3025 Bitter Горький  Супермат,Imported,
Material,154,774,3014 Cloudy Grey Облачно серый Супермат,Imported,
Material,155,775,3024 Pebble Grey Галька Грей Супермат,Imported,
Material,156,776,3022 Royal Grey Королевский серый Супермат,Imported,
Material,161,1209,ЛДСП и кромка клиента,Imported,
Material,168,1210,Столешница Скиф 26мм. вписывайте в примечание арт. производителя !!!,Imported,
Material,169,1211,Столешница Скиф 38мм вписывайте в примечание арт. производителя !!!,Imported,
Material,171,1212,Столешница Слотекс 38мм вписывайте в примечание арт. производителя !!!,Imported,
Material,172,777,P 001  Белый матовый (1кат.),Imported,
Material,173,778,P174 Мрамор белый глянец (2кат),Imported,
Material,174,779,P175 Мрамор черный глянец (2кат),Imported,
Material,175,780,P004 СЕРЫЙ ШТОРМ матовый (2кат),Imported,
Material,176,781,P013 Светло серый мат. (2кат.),Imported,
Material,178,782,P102 Крем глянец  (2кат),Imported,
Material,181,783,P100 БЕЛЫЙ глянец (1кат.),Imported,
Material,189,784,Р002 Крем матовый,Imported,
Material,190,785,Р003 Темно-серый матовый,Imported,
Material,191,786,Р006 Черный матовый,Imported,
Material,192,787,Р008 Вижен матовый,Imported,
Material,193,788,Р010 Мята матовый,Imported,
Material,194,789,Р101Бьянко глянец,Imported,
Material,195,790,Р103 Вижен глянец,Imported,
Material,196,791,Р104 Черный глянец,Imported,
Material,197,792,Р116 Светло-серый,Imported,
Material,198,793,Р209 Кремовая галактика,Imported,
Material,199,794,Р211Галактика мет. антрацит,Imported,
Material,200,795,Р212 Жемчужно-бежевый,Imported,
Material,201,796,Р253 Оксид светло-серый,Imported,
Material,202,797,Р269 Бетон кашемир матовый,Imported,
Material,203,798,Р270 Бетон серый матовый,Imported,
Material,204,799,Р272 Бетон антрацит матовый,Imported,
Material,205,800,Р729 Матовый новый серый,Imported,
Material,206,801,Р271 Бетон темно серый матовый,Imported,
Material,208,802,EVS001 Белый фарфоровый Оникс мат.,Imported,
Material,209,803,EVS002 Серый Базальт мат.,Imported,
Material,210,804,EVA003 Пепельный Аметист мат.,Imported,
Material,211,805,EVS004 Горный хрусталь матовый.,Imported,
Material,212,806,EVS005 Стальной графит мат.,Imported,
Material,213,807,EVS006 Серебряный сплав мат.,Imported,
Material,214,808,EVS007 Лунный топаз мат.,Imported,
Material,215,809,EVS008 Холодный жемчуг мат.,Imported,
Material,216,810,EVS009 Дымчатый Агат,Imported,
Material,217,811,EVS010 Аквамарин матовый,Imported,
Material,218,812,EVS011 Сумрачный нефрит матовый.,Imported,
Material,219,813,EVS012 Белое олово мат.,Imported,
Material,220,814,EVS013 Розовый кварц мат.,Imported,
Material,221,815,EVS014 Черная Яшма мат.,Imported,
Material,232,1215,МДФ 16 мм Эмаль,Imported,
Material,233,1216,МДФ 19мм ПВХ,Imported,
Material,242,42,ЛДСП Беж камео 2264 PE (2750х1830х16мм) Увадрев,Imported,
Material,243,43,ЛДСП U1655 PE 16мм Белая шагрень 2750х1830 Увадрев (удалён),Imported,
Material,244,44,ЛДСП U3180 PR 16мм Бодега Белый,Imported,
Material,245,45,ЛДСП Белая влагостойкая 701 (110Н WE) влагостойкая (2750х1830х16мм) Увадрев (удалён),Imported,
Material,246,46,ЛДСП Белая 7208 PE влагостойкая (2750х1830х16мм) Увадрев,Imported,
Material,247,47,ЛДСП БеЛлое сияние 7211 SM (2750х1830х16мм) Увадрев,Imported,
Material,248,48,ЛДСП Белое сияние 7211 SM (2750х1830х16мм) Увадрев (удалён),Imported,
Material,249,50,ЛДСП Белый шагрень  (110Н WE) (2750х1830х16мм) Увадрев,Imported,
Material,250,51,ЛДСП Белый Экспо 1605 SM влагостойкая (2750х1830х16мм) Увадрев,Imported,
Material,251,52,ЛДСП Бодега светлый 3178 PR (2750х1830х16мм) Увадрев,Imported,
Material,252,49,ЛДСП Бодега Белый 3180 TS (2750х1830х16мм) Увадрев,Imported,
Material,253,53,ЛДСП Бодега темный 3179 PR (2750х1830х16мм) Увадрев,Imported,
Material,254,55,ЛДСП Веллингтон 1149 TS (2750х1830х16мм) Увадрев,Imported,
Material,255,54,ЛДСП Венге аруба 1107 PR (2750х1830х16мм) Увадрев,Imported,
Material,256,56,ЛДСП Венге линум 1104 PR (2750х1830х16мм) Увадрев,Imported,
Material,257,57,ЛДСП Венге линум 1104 TS (2750х1830х16мм) Увадрев,Imported,
Material,258,58,ЛДСП Венис 3797 LF (2750х1830х16мм) Увадрев,Imported,
Material,259,59,ЛДСП Винтерберг 1146 PR (2750х1830х16мм) Увадрев,Imported,
Material,260,60,ЛДСП Винтерберг 1146 TS (2750х1830х16мм) Увадрев,Imported,
Material,261,61,ЛДСП Галатея 1504 PE (2750х1830х16мм) Увадрев,Imported,
Material,262,62,ЛДСП Гикори Джексон 2164 PR (2750х1830х16мм) Увадрев,Imported,
Material,263,63,ЛДСП Графит 3612 PЕ (2750х1830х16мм) Увадрев,Imported,
Material,264,64,ЛДСП Дуб Арденский 1526 PR (2750х1830х16мм) Увадрев,Imported,
Material,265,65,ЛДСП Дуб Альпийский 1158 MP (2750х1830х16мм) Увадрев,Imported,
Material,266,66,ЛДСП Дуб Атланта 2105 PR (2750х1830х16мм) Увадрев,Imported,
Material,267,67,ЛДСП Дуб баррик светлый 3175 PR (2750х1830х16мм) Увадрев,Imported,
Material,268,68,ЛДСП Дуб Бунратти 31155 PR (2750х1830х16мм) Увадрев,Imported,
Material,269,69,ЛДСП Дуб Вотан 2167 PR (2750х1830х16мм) Увадрев,Imported,
Material,270,70,ЛДСП Дуб Вотан 2167 TS (2750х1830х16мм) Увадрев,Imported,
Material,271,71,ЛДСП Дуб Мария 1155 EW (2750х1830х16мм) Увадрев,Imported,
Material,272,72,ЛДСП Дуб млечный 1095 PR (2750х1830х16мм) Увадрев,Imported,
Material,273,73,ЛДСП Дуб поненте 1130 PR (2750х1830х16мм) Увадрев,Imported,
Material,274,74,ЛДСП Дуб сантана светлый 3129 PR (2750х1830х16мм) Увадрев,Imported,
Material,275,75,ЛДСП Дуб сонома 2121 PR (2750х1830х16мм) Увадре,Imported,
Material,276,76,ЛДСП Дуб Шавиниган 31199 PR (2750х1830х16мм) Увадрев,Imported,
Material,277,77,ЛДСП Дымчато-серый 3509 PE (2750х1830х16мм) Увадрев,Imported,
Material,278,78,ЛДСП Дюна 1179 PE (2750х1830х16мм) Увадре,Imported,
Material,279,79,ЛДСП Елочка арктическая 2718 MP (2750х1830х16мм) Увадрев,Imported,
Material,280,80,ЛДСП Кадена Вуд 1719 TS (2750х1830х16мм) Увадре,Imported,
Material,281,81,ЛДСП Кадена Дарк 1717 TS (2750х1830х16мм) Увадрев,Imported,
Material,282,82,ЛДСП Кадена Лайт 1718 TS (2750х1830х16мм) Увадрев,Imported,
Material,283,83,ЛДСП Клен танзай 9520 PR (2750х1830х16мм) Увадрев,Imported,
Material,284,84,ЛДСП Комано 31188 PR (2750х1830х16мм) Увадрев,Imported,
Material,285,85,ЛДСП Красный фон 0210 PE (2750х1830х16мм) Увадрев,Imported,
Material,286,86,ЛДСП Крем Вайсс 2236 PE (2750х1830х16мм) Увадрев,Imported,
Material,287,87,ЛДСП Лайм 3601 PE (2750х1830х16мм) Увадрев,Imported,
Material,288,88,ЛДСП Металлик Уни 1302 PE (2750х1830х16мм) Увадрев,Imported,
Material,289,89,ЛДСП Молокай 9111 PR (2750х1830х16мм) Увадрев,Imported,
Material,290,90,ЛДСП Нуар 31257 WS (2750х1830х16мм) Увадрев,Imported,
Material,291,91,ЛДСП Ольха натуральная 1548 PR (2750х1830х16мм) Увадрев,Imported,
Material,292,92,ЛДСП Орех ноче гварнери 1549 PR (2750х1830х16мм) Увадрев,Imported,
Material,293,93,ЛДСП Орех ноче экко 1555 PR (2750х1830х16мм) Увадрев,Imported,
Material,294,94,ЛДСП Палермо 1709 MP (2750х1830х16мм) Увадрев,Imported,
Material,295,95,ЛДСП Пепельная Роза 1401 PE (2750х1830х16мм) Увадрев,Imported,
Material,296,177,ЛДСП Пикар 1125 PR (2750х1830х16мм) Увадрев (удалён),Imported,
Material,297,96,ЛДСП Рамух Белый 1120 PR (2750х1830х16мм) Увадрев,Imported,
Material,298,97,ЛДСП Рамух Белый 1120 TS (2750х1830х16мм) Увадрев,Imported,
Material,299,98,ЛДСП Рейн Бронза 9711 FR (2750х1830х16мм) Увадрев,Imported,
Material,300,99,ЛДСП Рейн Изумруд 9710 FR (2750х1830х16мм) Увадрев,Imported,
Material,301,100,ЛДСП Рейн Морион 9625 FR (2750х1830х16мм) Увадрев,Imported,
Material,302,101,ЛДСП Сан-Леон 9626 PE (2750х1830х16мм) Увадрев,Imported,
Material,303,102,ЛДСП Серо-Голубой 2506 PE (2750х1830х16мм) Увадрев,Imported,
Material,304,103,ЛДСП Серый 9203 PE (2750х1830х16мм) Увадрев,Imported,
Material,305,104,ЛДСП Темно-серый 2601 LF (2750х1830х16мм) Увадрев,Imported,
Material,306,105,ЛДСП Темно-серый 2601 PE (2750х1830х16мм) Увадрев (удалён),Imported,
Material,307,106,ЛДСП Тефия 1503 PE (2750х1830х16мм) Увадрев,Imported,
Material,308,107,ЛДСП Тира 1171 PR (2750х1830х16мм) Увадрев,Imported,
Material,309,108,ЛДСП Тира 1171 МP (2750х1830х16мм) Увадрев,Imported,
Material,310,109,ЛДСП Титан 3351 PE (2750х1830х16мм) Увадрев,Imported,
Material,311,110,ЛДСП Туя 1118 PR (2750х1830х16мм) Увадрев,Imported,
Material,312,111,ЛДСП Флориан 9129 MP (2750х1830х16мм) Увадрев,Imported,
Material,313,112,ЛДСП Черный 0080 PE (2750х1830х16мм) Увадрев,Imported,
Material,314,113,ЛДСП Черный 0080 PR поры дерева (2750х1830х16мм) Увадрев,Imported,
Material,315,114,ЛДСП Штейн светлый 1159 MP (2750х1830х16мм) Увадрев,Imported,
Material,316,115,ЛДСП Штейн светлый 1159 PR (2750х1830х16мм) Увадрев,Imported,
Material,317,116,ЛДСП Штейн темный 1160 MP (2750х1830х16мм) Увадрев,Imported,
Material,318,117,ЛДСП Ясень Камелия 9130 MP (2750х1830х16мм) Увадрев,Imported,
Material,319,118,ЛДСП Ясень шимо темный 3128 PR (2750х1830х16мм) Увадрев,Imported,
Material,320,516,ЛДСП W1100 ST9 16мм Белый Альпийский  2800х2070 Egger,Imported,
Material,321,262,ЛДСП Аделия D20267 OW (2750х1830х16мм) СВИСС КРОНО,Imported,
Material,322,263,ЛДСП Белый гладкий U10437 SM (2750х1830х16мм) СВИСС КРОНО,Imported,
Material,323,264,ЛДСП Белый гладкий К110 SM (2750х1830х16мм) СВИСС КРОНО,Imported,
Material,324,265,ЛДСП Белый нежный камень К110 GT (2750х1830х16мм) СВИСС КРОНО,Imported,
Material,325,1070,ЛДСП Алюминий Р 2750х1830х16мм Lamarty,Imported,
Material,326,1071,ЛДСП Белый R (рустикальный) 2750х1830х16мм Lamarty,Imported,
Material,327,1217,ЛДСП Белый U ГЛЯНЕЦ 2750х1830х16мм Lamarty,Imported,
Material,328,266,ЛДСП Белый тисненый К110 SE (2750х1830х16мм) СВИСС КРОНО,Imported,
Material,329,267,ЛДСП Белый шагрень U10437 PE (2750х1830х16мм) СВИСС КРОНО,Imported,
Material,330,268,ЛДСП Белый шагрень К110 PE (2750х1830х16мм) СВИСС КРОНО,Imported,
Material,331,269,ЛДСП Бирюзовый U159 VL (2750х1830х16мм) СВИСС КРОНО,Imported,
Material,332,270,ЛДСП Винтерберг D4092 MX (2750х1830х16мм) СВИСС КРОНО,Imported,
Material,333,271,ЛДСП Герион D4084 VL (2750х1830х16мм) СВИСС КРОНО,Imported,
Material,334,272,ЛДСП Голубой D4075 PE (2750х1830х16мм) СВИСС КРОНО,Imported,
Material,335,273,ЛДСП Гонконг D3828 VL (2750х1830х16мм) СВИСС КРОНО снят с производства (удалён),Imported,
Material,336,274,ЛДСП Графит U3114 VL (2750х1830х16мм) СВИСС КРОНО,Imported,
Material,337,275,ЛДСП Дуб амберг натуральный D4090 OW (2750х1830х16мм) СВИСС КРОНО,Imported,
Material,338,276,ЛДСП Дуб амберг серо-коричневый D4089 OW (2750х1830х16мм) СВИСС КРОНО,Imported,
Material,339,277,ЛДСП Дуб белый D4430 OW (2750х1830х16мм) СВИСС КРОНО,Imported,
Material,340,278,ЛДСП Дуб делано D4079 OW (2750х1830х16мм) СВИСС КРОНО,Imported,
Material,341,279,ЛДСП Дуб делано серый D4081 OW (2750х1830х16мм) СВИСС КРОНО,Imported,
Material,342,280,ЛДСП Дуб делано темный D4080 OW (2750х1830х16мм) СВИСС КРОНО,Imported,
Material,343,281,ЛДСП Дуб Коми D1086 OW (2750х1830х16мм) СВИСС КРОНО,Imported,
Material,344,282,ЛДСП Желтый D4072 PE (2750х1830х16мм) СВИСС КРОНО,Imported,
Material,345,283,ЛДСП Лайм D4071 PE (2750х1830х16мм) СВИСС КРОНО,Imported,
Material,346,284,ЛДСП Маланга D20347 MX (2750х1830х16мм) СВИСС КРОНО,Imported,
Material,347,285,ЛДСП Месмери D4017 OW (2750х1830х16мм) СВИСС КРОНО,Imported,
Material,348,286,ЛДСП Мист D10367 VL (2750х1830х16мм) СВИСС КРОНО,Imported,
Material,349,287,ЛДСП Мокко D4074 PE (2750х1830х16мм) СВИСС КРОНО,Imported,
Material,350,288,ЛДСП Пыльный Зеленый D10357 VL (2750х1830х16мм) СВИСС КРОН,Imported,
Material,351,289,ЛДСП Светло-бежевый U119 VL (2750х1830х16мм) СВИСС КРОНО,Imported,
Material,352,290,ЛДСП Серебристый металлик D6902 PE (2750х1830х16мм) СВИСС КРОНО,Imported,
Material,353,291,ЛДСП Серый кварцит D30220 GT (2750х1830х16мм) СВИСС КРОНО,Imported,
Material,354,292,ЛДСП Серый темный U171 VL (2750x1830x16мм) СВИСС КРОН,Imported,
Material,355,293,ЛДСП Слоновая кость U1301 VL (2750х1830х16мм) СВИСС КРОНО,Imported,
Material,356,294,ЛДСП Цемент D30237 GT (2750х1830х16мм) СВИСС КРОНО,Imported,
Material,357,295,ЛДСП Эйфория Грей D4098 VL (2750х1830х16мм) СВИСС КРОНО,Imported,
Material,358,296,ЛДСП Юта D4091 OW (2750х1830х16мм) СВИСС КРОНО,Imported,
Material,359,297,ЛДСП Ясень Антрацит D4424 OW (2750х1830х16мм) СВИСС КРОНО,Imported,
Material,360,818,ЛДСП Беж камео 2264 PE (2750х1830х10мм) Увадрев,Imported,
Material,361,819,ЛДСП Белое сияние 7211 PE (2750х1830х10мм) Увадрев,Imported,
Material,362,820,ЛДСП Белое сияние 7211 SM (2750х1830х10мм) Увадрев,Imported,
Material,363,821,ЛДСП Бодега Белый 3180 PR (2750х1830х10мм) Увадрев,Imported,
Material,364,822,ЛДСП Венге аруба 1107 PR (2750х1830х10мм) Увадрев,Imported,
Material,365,823,ЛДСП Венге линум 1104 PR (2750х1830х10мм) Увадрев,Imported,
Material,366,824,ЛДСП Винтерберг 1146 PR (2750х1830х10мм) Увадрев,Imported,
Material,367,825,ЛДСП Дуб баррик светлый 3175 PR (2750х1830х10мм) Увадрев,Imported,
Material,368,826,ЛДСП Дуб Вотан 2167 PR (2750х1830х10мм) Увадрев,Imported,
Material,369,827,ЛДСП Дуб поненте 1130 PR (2750х1830х10мм) Увадрев,Imported,
Material,370,828,ЛДСП Дуб Шавиниган 31199 PR (2750х1830х10мм) Увадрев,Imported,
Material,371,829,ЛДСП Металлик Уни 1302 PE (2750х1830х10мм) Увадрев,Imported,
Material,372,830,ЛДСП Молокай 9111 PR (2750х1830х10мм) Увадрев,Imported,
Material,373,831,ЛДСП Орех ноче экко 1555 PR (2750х1830х10мм) Увадрев,Imported,
Material,374,832,ЛДСП Рамух Белый 1120 PR (2750х1830х10мм) Увадрев,Imported,
Material,375,833,ЛДСП Серый 9203 PE (2750х1830х10мм) Увадрев,Imported,
Material,376,834,ЛДСП Темно-серый 2601 PE (2750х1830х10мм) Увадрев,Imported,
Material,377,835,ЛДСП Тефия 1503 PE (2750х1830х10мм) Увадрев,Imported,
Material,378,836,ЛДСП Тефия 1503 WE (2750х1830х10мм) Увадрев,Imported,
Material,379,837,ЛДСП Туя 1118 PR (2750х1830х10мм) Увадрев,Imported,
Material,380,838,ЛДСП Ясень шимо светлый 3127 PR (2750х1830х10мм) Увадрев,Imported,
Material,381,839,ЛДСП Ясень шимо темный 3128 PR (2750х1830х10мм) Увадрев,Imported,
Material,382,840,ЛДСП Белый гладкий К110 SM (2750х1830х10мм) СВИСС КРОНО,Imported,
Material,383,841,ЛДСП Белый шагрень К110 PE (2750х1830х10мм) СВИСС КРОНО,Imported,
Material,384,842,ЛДСП Вишня оксфорд D088 SE (2750х1830х10мм) СВИСС КРОН,Imported,
Material,385,843,ЛДСП Дуб делано D4079 OW (2750х1830х10мм) СВИСС КРОНО,Imported,
Material,386,844,ЛДСП Дуб делано серый D4081 OW (2750х1830х10мм) СВИСС КРОНО,Imported,
Material,387,845,ЛДСП Мист D10367 VL (2750х1830х10мм) СВИСС КРОНО,Imported,
Material,388,846,ЛДСП Слоновая кость U1301 VL (2750х1830х10мм) СВИСС КРОНО,Imported,
Material,389,847,ЛДСП Ясень шимо темный D3103 SE (2750х1830х10мм) СВИСС КРОНО,Imported,
Material,390,848,ЛДСП Алюминий Р 2750х1830х10мм Lamarty ,Imported,
Material,391,849,ЛДСП Белый P (шагрень) 2750х1830х10мм Lamarty ,Imported,
Material,392,850,ЛДСП Бетон пайн белый R 2750х1830х10мм Lamarty,Imported,
Material,393,851,ЛДСП Вулканический серый К 2750х1830х10мм Lamart,Imported,
Material,394,852,ЛДСП Вулканический серый Р шагрень 2750х1830х 10мм Lamarty,Imported,
Material,395,853,ЛДСП Выбеленное дерево R 2750х1830х10мм Lamarty,Imported,
Material,396,854,ЛДСП Дуб Вотан R 2750х1830х10мм Lamarty,Imported,
Material,397,855,ЛДСП Дуб Сонома (R) 2750х1830х10 Ламарти.,Imported,
Material,398,856,ЛДСП Имбирь 01 Р 2750х1830х10мм Lamarty ,Imported,
Material,399,857,ЛДСП Каньон ледяной R 2750х1830х10мм Lamarty,Imported,
Material,400,858,ЛДСП Кремовый 01 Р 2750х1830х10мм Lamart,Imported,
Material,401,859,ЛДСП Пальмира R 2750х1830х10мм Lamarty,Imported,
Material,402,860,ЛДСП Пальмира W 275х01830х10мм Lamarty,Imported,
Material,403,861,ЛДСП Серый 7810 (P) 2750х1830х10мм Lamarty,Imported,
Material,404,862,ЛДСП Слэйт V (ВЕНЕТО) 2750х1830х10мм Lamarty,Imported,
Material,405,863,ЛДСП Тэффи L 2750х1830х10мм Lamarty,Imported,
Material,406,864,ЛДСП Ясень W 2750х1830х10мм Lamarty,Imported,
Material,407,874,ЛДСП Беж камео 2264 PE (2750х1830х25мм) Увадрев,Imported,
Material,408,875,ЛДСП Белое сияние 7211 PE (2750х1830х22мм) Увадрев,Imported,
Material,409,876,ЛДСП Белый шагрень 1655 (7208) PE (2750х1830х25мм) Увадрев,Imported,
Material,410,877,ЛДСП Бетон Пайн Темный 31149 LF (2750х1830х25мм) Увадрев,Imported,
Material,411,878,ЛДСП Бодега Белый 3180 PR (2750х1830х25мм) Увадрев,Imported,
Material,412,879,ЛДСП Венге Аруба 1107 PR (2750х1830х22мм) Увадрев,Imported,
Material,413,880,ЛДСП Венге Линум 1104 PR (2750х1830х22мм) Увадрев,Imported,
Material,414,881,ЛДСП Гикори Джексон 2164 PR (2750х1830х25мм) Увадрев,Imported,
Material,415,882,ЛДСП Дуб Бунратти 31155 PR (2750х1830х25мм) Увадрев,Imported,
Material,416,883,ЛДСП Рамух Белый 1120 PR (2750х1830х25мм) Увадрев,Imported,
Material,417,884,ЛДСП Серый 9201 WE (2750х1830х25мм) Увадрев,Imported,
Material,418,885,ЛДСП Серый 9203 PE (2750х1830х25мм) Увадрев,Imported,
Material,419,886,ЛДСП Ясень шимо светлый 3127 PR (2750х1830х25мм) Увадрев,Imported,
Material,420,887,ЛДСП Белый гладкий К110 SM (2750х1830х22мм) СВИСС КРОНО,Imported,
Material,421,888,ЛДСП Белый шагрень U10437 PE (2800х2070х22мм) СВИСС КРОНО,Imported,
Material,422,889,ЛДСП Дуб белый D4430 OW (2750х1830х25мм) СВИСС КРОНО,Imported,
Material,423,890,ЛДСП Дуб млечный (Девонширский) D8622 SE (2750х1830х22мм) СВИСС КРОНО,Imported,
Material,424,891,ЛДСП Дуб млечный (Девонширский) D8622 SE (2750х1830х25мм) СВИСС КРОНО,Imported,
Material,425,892,ЛДСП Дуб Сонома D8129 SE (2800х2070х22мм) СВИСС КРОНО,Imported,
Material,426,893,ЛДСП Кашемир U6933 VL (2750х1830х25мм) СВИСС КРОНО,Imported,
Material,427,894,ЛДСП Орех гварнери D722 SE (2750х1830х22мм) СВИСС КРОНО,Imported,
Material,428,895,ЛДСП Пепельный U112 PE (2750х1830х22мм) СВИСС КРОНО,Imported,
Material,429,896,ЛДСП Пепельный U112 PE (2750х1830х25мм) СВИСС КРОНО,Imported,
Material,430,897,ЛДСП Юта D4091 OW (2750х1830х22мм) СВИСС КРОНО,Imported,
Material,431,898,ЛДСП Ясень шимо светлый D3102 SE (2750х1830х25мм) СВИСС КРОНО,Imported,
Material,432,899,ЛДСП Ясень шимо темный D3103 PR (2800х2070х22мм) СВИСС КРОНО,Imported,
Material,433,900,26мм ЛДСП Дуб Сонома (R) 2750х1830х26 Ламарти,Imported,
Material,434,901,ЛДСП Белый P (шагрень) 2750х1830х26мм Lamarty,Imported,
Material,435,902,ЛДСП Бетон пайн белый R 2750х1830х26мм Lamarty,Imported,
Material,436,903,ЛДСП Вулканический серый Р шагрень 2750х1830х26мм Lamarty,Imported,
Material,437,904,ЛДСП Выбеленное дерево R 2750х1830х26мм Lamarty,Imported,
Material,438,905,ЛДСП Дуб Вотан R 2750х1830х26мм Lamarty,Imported,
Material,439,906,ЛДСП Дуб дымчатый W 2750х1830х26мм Lamarty,Imported,
Material,440,907,ЛДСП Намибия D (дуб) 2750х1830х26мм Lamarty,Imported,
Material,441,908,ЛДСП Пальмира W 2750х1830х26мм Lamarty,Imported,
Material,442,909,ЛДСП Серый 7810 Р 2750х1830х26мм Lamarty,Imported,
Material,443,910,ЛДСП Ясень Т 27501х830х26мм Lamarty,Imported,
Material,444,911,"ЛЛДСП Коттон Бежевый 2,800х2070х25мм! U113 ST9 ЭГГЕР ",Imported,
Material,445,912,ЛДСП Коттон Бежевый 2800х2070х25мм! U113 ST9 ЭГГЕР ,Imported,
Material,446,1072,ЛДСП Белый О (ВЛАГОСТОЙКИЙ) 2750х1830х16мм Lamarty,Imported,
Material,447,913,ЛДСП Альпина белая (Белый Альпийский) 2800х2070х25мм! W1100 ST9 ЭГГЕР,Imported,
Material,448,914,ЛДСП Ангора серая 2800х2070х25мм! U705 ST9 ЭГГЕР,Imported,
Material,449,915,ЛДСП Бежевый песок 2800х2070х25мм!U156 ST9 ЭГГЕР,Imported,
Material,450,1073,ЛДСП Бетон пайн белый R 2750х1830х16мм Lamarty,Imported,
Material,451,1074,ЛДСП Бетон пайн экзотик R 2750х1830х16мм Lamarty,Imported,
Material,452,1075,ЛДСП Венге темный R 2750х1830х16мм Lamarty,Imported,
Material,453,1076,ЛДСП Вишня Гамильтон T 2750х1830х16мм Lamarty,Imported,
Material,454,1077,ЛДСП Выбеленное дерево R 2750х1830х16мм Lamarty,Imported,
Material,455,916,ЛДСП Белый базовый шагрень W908 ST2 ЭГГЕР 2800х2070х 25мм,Imported,
Material,456,1078,ЛДСП Вяз Швейцарский R 2750х1830х16мм Lamarty,Imported,
Material,457,1079,ЛДСП Графит К 2750х183016мм Lamarty,Imported,
Material,458,917,ЛДСП Белый платиновый 2800х2070х25мм!W980 SM ЭГГЕР заказной,Imported,
Material,459,1080,ЛДСП Гринери L 2750х1830х16мм Lamarty,Imported,
Material,460,918,ЛДСП Гикори натуральный 2800х2070х25мм! H3730 ST10 ЭГГЕР,Imported,
Material,461,919,ЛДСП Дикий дуб натуральный 2800х2070х25мм H1318 ST10 ЭГГЕР,Imported,
Material,462,920,ЛДСП Дуб Бардолино натуральный 2800х2070х25мм Н1145 ST10 ЭГГЕР,Imported,
Material,463,921,"ЛДСП Дуб Винченца 2800х2070х25мм! H3157 ST12 ЭГГЕР (5,796)",Imported,
Material,464,922,ЛДСП Орех Карини натуральный 2800х2070х25мм Н3710 ST12 ЭГГЕР ,Imported,
Material,465,923,ЛДСП Светло-серый 2800х2070х25мм U708 ST9 ЭГГЕР ,Imported,
Material,466,924,ЛДСП Синий дымчатый 2800х2070х25 U502 ST9 ЭГГЕР ,Imported,
Material,467,925,ЛМДФ (аналог ЛДСП) Дуб Каселла натуральный 2800х2070х25мм!! H1385 ST40!!!МДФ основа!!!ЭГГЕР ,Imported,
Material,468,346,ЛДСП Бежевый D2077 PE (2800х2070х16мм) СВИСС КРОНО,Imported,
Material,469,347,ЛДСП Белая Аляска гладкая U8681 SM (2800х2070х16мм) СВИСС КРОНО,Imported,
Material,470,348,ЛДСП Белая Аляска шагрень U8681 PE (2800х2070х16мм) СВИСС КРОНО,Imported,
Material,471,349,ЛДСП Белый гладкий K101 SM (2800х2070х16мм) СВИСС КРОНО,Imported,
Material,472,350,ЛДСП Белый гладкий U10437 SM (2800х2070х16мм) СВИСС КРОНО,Imported,
Material,473,351,ЛДСП Белый гладкий К110 SM (2800х2070х16мм) СВИСС КРОНО (удалён),Imported,
Material,474,352,ЛДСП Белый тисненый K101 SE (2800х2070х16мм) СВИСС КРОНО,Imported,
Material,475,353,ЛДСП Белый шагрень K101 PE (2800х2070х16мм) СВИСС КРОНО,Imported,
Material,476,354,ЛДСП Белый шагрень U10437 PE (2800х2070х16мм) СВИСС КРОНО,Imported,
Material,477,355,ЛДСП Белый шагрень К110 PE (2800х2070х16мм) СВИСС КРОНО,Imported,
Material,478,356,ЛДСП Бодега светлый D1441 MX (2800х2070х16мм) СВИСС КРОНО,Imported,
Material,479,357,ЛДСП Бук светлый D381 SE (2800х2070х16мм) СВИСС КРОНО,Imported,
Material,480,358,ЛДСП Венге магия D2226 SE (2800х2070х16мм) СВИСС КРОНО,Imported,
Material,481,359,ЛДСП Графит D3114 РЕ (2800х2070х16мм) СВИСС КРОНО,Imported,
Material,482,360,ЛДСП Дуб млечный (Девонширский) D8622 SE (2800х2070х16мм) СВИСС КРОНО,Imported,
Material,483,361,ЛДСП Дуб Сонома D8129 SE (2800х2070х16мм) СВИСС КРОНО,Imported,
Material,484,362,ЛДСП Кашемир U6933 VL (2800х2070х16мм) СВИСС КРОНО,Imported,
Material,485,363,ЛДСП Мист D10367 VL (2800х2070х16мм) СВИСС КРОНО,Imported,
Material,486,364,ЛДСП Орех гварнери D722 SE (2800х2070х16мм) СВИСС КРОНО,Imported,
Material,487,365,ЛДСП Пепельный U112 PE (2800х2070х16мм) СВИСС КРОНО,Imported,
Material,488,366,ЛДСП Черный шагрень U190 PE (2800х2070х16мм) СВИСС КРОНО,Imported,
Material,489,367,ЛДСП Ясень шимо светлый D3102 SE (2800х2070х16мм) СВИСС КРОН,Imported,
Material,490,368,ЛДСП Ясень шимо темный D3103 SE (2800х2070х16мм) СВИСС КРОНО,Imported,
Material,491,1081,ЛДСП Белый Р (ВЛАГОСТОЙКИЙ) 2750х1830х16мм Lamarty,Imported,
Material,492,1082,ЛДСП Дуб Галиано Т 2750х1830х16мм Lamarty,Imported,
Material,494,1083,ЛДСП Дуб Солсбери R 2750х1830х16мм Lamarty,Imported,
Material,495,1084,ЛДСП Дуб Сонома (R) 2750х1830х16,Imported,
Material,496,1085,ЛДСП Имбирь 01 Р 2750х1830х16мм Lamarty ,Imported,
Material,497,1086,ЛДСП Ирис Р 2750х1830х16мм Lamarty,Imported,
Material,498,1087,ЛДСП Каньон ледяной R 2750х1830х16мм Lamarty,Imported,
Material,499,1088,ЛДСП Каньон песчаный R 2750х1830х16мм Lamarty,Imported,
Material,500,1089,ЛДСП Капучино R 2750х1830х16мм Lamarty,Imported,
Material,501,1090,ЛДСП Малави V 2750х1830х16мм Lamarty,Imported,
Material,502,1091,ЛДСП Одиссея Т 2750х1830х16мм Lamarty,Imported,
Material,503,1092,ЛДСП Парма К 2750х1830 16мм Lamarty,Imported,
Material,504,1093,ЛДСП Розовый жемчуг Р 2750х1830х16мм Lamarty,Imported,
Material,505,1094,ЛДСП Розовый кварц L 2750х1830х16мм Lamarty,Imported,
Material,506,1095,ЛДСП Рускеала К 2750х1830х16мм Lamarty,Imported,
Material,507,1096,ЛДСП Серый 7810 Р 2750х1830х16мм Lamarty,Imported,
Material,508,1097,ЛДСП Сканди R 2750х1830х16мм Lamarty,Imported,
Material,509,1098,ЛДСП Слэйт Р 2750х1830х16мм Lamarty,Imported,
Material,510,1099,ЛДСП Титан Р 2750х1830х16мм Lamarty,Imported,
Material,511,1100,ЛДСП Черный Р 2750х1830х16мм Lamarty,Imported,
Material,512,1101,ЛДСП Элит баттл рок T 2750х1830х16мм Lamarty,Imported,
Material,513,1102,ЛДСП Дуб Кальяри Т 2750х1830х16мм Lamarty,Imported,
Material,515,517,ЛДСП F685 ST10 16мм Акапулько 2800х2070  Egger,Imported,
Material,516,518,ЛДСП H1277 ST9 16мм Акация Лэйклэнд светлая 2800x2070 Egger,Imported,
Material,517,519,ЛДСП Н1242 ST10 16мм Акация Шеффилд натуральный 2800x2070 Egger,Imported,
Material,518,520,ЛДСП U705 ST9 16мм Ангора серая 2800х2070 Egger,Imported,
Material,519,521,ЛДСП U156 ST9 16мм Бежевый  песок 2800х2070 Egger,Imported,
Material,520,522,ЛДСП W1100 ST2 16мм Белый Альпийский  2800х2070 Egger,Imported,
Material,521,523,ЛДСП W980 SM 16мм Белый платиновый (ВЛАГОСТОЙКИЙ) 2800х2070 Egger,Imported,
Material,522,524,ЛДСП Н1732 ST9 16мм Береза песочная 2800х2070 Egger,Imported,
Material,523,525,ЛДСП AU525 ST9 16мм Делфт голубой 2800х2070 Egger,Imported,
Material,524,526,ЛДСП AU540 ST9 16мм Деним голубой 2800х2070 Egger,Imported,
Material,525,527,ЛДСП Н1318 SТ10 16мм Дикий дуб натуральный 2800х2070 Egger,Imported,
Material,526,528,ЛДСП H1145 ST10 16мм Дуб Бардолино натур  2800х2070 Egger,Imported,
Material,527,529,ЛДСП Н3152 ST19 16мм Дуб Виченца беленый 2800х2070 Egger,Imported,
Material,529,530,ЛДСП Н3325 ST28 16мм Дуб Гладстоун табак 2800х2070 Egger,Imported,
Material,530,531,ЛДСП Н3146 SТ19 16мм Дуб Лоренцо бежево-серый  2800х2070Egger,Imported,
Material,531,532,ЛДСП H1142 ST36 16мм Дуб Сакраменто коричневый 2800х2070 Egger,Imported,
Material,532,533,ЛДСП Н1330 SТ10 16мм Дуб Санта-Фе винтаж 2800х2070 Egger,Imported,
Material,533,534,ЛДСП Н305 ST12 16мм Дуб Тонсберг натуральный 2800х2070 Egger,Imported,
Material,534,535,ЛДСП Н1312 SТ10 16мм Дуб Уайт-Ривер песочно-бежевый 2800х2070 Egger,Imported,
Material,535,536,ЛДСП AU125 ST9 16мм Желтый песок 2800х2070 Egger,Imported,
Material,536,537,ЛДСП U163 ST9 16мм Карри желтый 2800х2070 Egger,Imported,
Material,537,538,ЛДСП H1708 ST17 16мм Каштан Брайтон 2800х2070 Egger,Imported,
Material,538,539,ЛДСП Н1710 SТ10 16мм Каштан Кентукки песочный 2800х2070 Egger,Imported,
Material,539,540,ЛДСП U323 ST9 16мм Ярко-красный  2800х2070 Egger,Imported,
Material,540,541,ЛДСП А3012 ST22 16мм Кокоболо натуральный 2800х2070 Egger,Imported,
Material,541,542,ЛДСП U113 ST9 16мм Коттон бежевый 2800х2070 Egger,Imported,
Material,542,543,ЛДСП AU335 ST9 16мм Красно-коричневый 2800х2070 Egger,Imported,
Material,543,544,ЛДСП AU321 ST9 16мм Красный китайский  2800х2070 Egger,Imported,
Material,544,545,ЛДСП U222 ST9 16мм Крем бежевый 2800х2070 Egger,Imported,
Material,545,546,ЛДСП F528 ST20 16мм Металл брошированный бронзовый 2800х2070 Egger,Imported,
Material,546,547,ЛДСП AF800 ST9 16мм Мрамор Кристалл 2800х2070 Egger,Imported,
Material,547,548,ЛДСП U899 ST9 16мм Нежный черный  2800*2070 Egger,Imported,
Material,548,549,ЛДСП H1307 ST19 16мм Орех Вармия коричневый 2800х2070 Egger,Imported,
Material,549,550,ЛДСП H3734 ST9 16мм Орех Дижон натур 2800х2070 Egger,Imported,
Material,550,551,ЛДСП H3710 ST12 16мм Орех Карини натуральный 2800х2070 Egger,Imported,
Material,551,552,ЛДСП Н3700 ST10 16мм Орех Пацифик натуральный 2800х2070 Egger,Imported,
Material,552,553,ЛДСП A3702 ST10 16мм Орех Пацифик Табак 2800х2070 Egger,Imported,
Material,553,554,ЛДСП U708 ST9 16мм Светло-серый 2800х2070 Egger,Imported,
Material,554,555,ЛДСП U201 ST9 16мм Серая галька 2800х2070 Egger,Imported,
Material,555,556,ЛДСП F765 ST20 16мм Серебристый матовый 2800х2070 Egger,Imported,
Material,556,557,ЛДСП AU350 ST9 16мм Сиена оранж 2800х2070 Egger,Imported,
Material,557,558,ЛДСП AU502 ST9 16мм Синий дымчатый 2800х2070 Egger,Imported,
Material,558,559,ЛДСП F416 SТ10 16мм Текстиль бежевый 2800х2070 Egger,Imported,
Material,560,560,ЛДСП W1200 ST9 16мм Фарфор белый 2800х2070 Egger,Imported,
Material,561,561,ЛДСП U961 ST7 16мм Черный графит 2800х2070 Egger,Imported,
Material,562,562,ЛДСП Н3043 ST12 16мм Эвкалипт темно-коричневый 2800х2070 Egger,Imported,
Material,563,563,ЛДСП H1225 ST12 16мм Ясень Тронхейм 2800х2070 Egger,Imported,
Material,564,564,ЛМДФ W1000 ST38 16мм Белый Премиум 2800х2070 Egger,Imported,
Material,565,565,ЛМДФ H1176 ST37 16мм Дуб Галифакс Белый 2800х2070 Egger,Imported,
Material,566,566,ЛМДФ Н3325 ST28 16мм Дуб Гладстоун табак 2800х2070 Egger,Imported,
Material,567,567,ЛМДФ H3317 ST28 16мм Дуб Кунео коричневый 2800х2070 Egger,Imported,
Material,568,568,ЛМДФ H1142 ST36 16мм Дуб Сакраменто Коричневый 2800х2070 Egger,Imported,
Material,569,569,ЛМДФ H3154 ST36 16мм Дуб Чарльстон тёмно-коричневый 2800х2070 Egger,Imported,
Material,570,570,ЛМДФ H1344 ST32 16мм Дуб Шерман коньяк коричневый 2800х2070 Egger,Imported,
Material,571,571,ЛМДФ U998 ST38 16мм Лес Черный 2800х2070 Egger,Imported,
Material,572,572,ЛМДФ H1250 ST36 16мм Ясень Наварра 2800х2070 Egger,Imported,
Material,573,573,ЛМДФ H1180 ST37 16мм Дуб Галифакс натуральный 2800х2070 Egger,Imported,
Material,574,574,ЛМДФ H3176 ST37 16мм Дуб Галифакс олово 2800х2070 Egger,Imported,
Material,575,575,ЛМДФ H1181 ST37 16мм Дуб Галифакс табак 2800х2070 Egger,Imported,
Material,576,576,ЛМДФ Н3309 ST28 16мм Дуб Гладстоун песочный 2800х2070 Egger,Imported,
Material,577,577,ЛМДФ H3359 ST32 16мм Дуб Давенпорт натуральный светлый 2800х2070 Egger,Imported,
Material,578,578,ЛМДФ H1386 ST40 16мм Дуб Каселла коричневый 2800х2070 Egger,Imported,
Material,579,579,ЛМДФ H1385 ST40 16мм Дуб Каселла натуральный 2800х2070 Egger,Imported,
Material,581,1179,Белая аляска 600 2800х2700х16 Byspan,Imported,
Material,582,1180,Белый 601 2800х2070х16 Byspan,Imported,
Material,583,1181,Белый Скандинавский 608 2800х2070х16 Byspan,Imported,
Material,584,1182,Персидский жемчуг HD 890 2800х2070х16 Byspan,Imported,
Material,585,1183,ЛДСП Жемчужный сатин 644  2800х2070х16 Byspan,Imported,
Material,586,1184,ЛДСП Кашемир 641 2800х2070х16 Byspan,Imported,
Material,587,1185,Античная Латунь 680 2800х2070х16 Byspan,Imported,
Material,588,1186,Базальт 683 2800х2070х16 Byspan,Imported,
Material,589,1187,Вольфрам 663 2800х2070х16 Byspan,Imported,
Material,590,1188,Графит 665 2800х2070х16 Byspan,Imported,
Material,591,1189,Дуб Бордо Лайт 380 2800х2070х16 Byspan,Imported,
Material,592,1190,Дуб Каньон 365 2800х2070х16 Byspan,Imported,
Material,593,1191,Дуб Монастырский 375 2800х2070х16 Byspan,Imported,
Material,594,1192,Дуб Монтерей 384 2800х2070х16 Byspan,Imported,
Material,595,1193,Дуб Наварра 386 2800х2070х16 Byspan,Imported,
Material,596,1194,Дуб Нокс 392 2800х2070х16 Byspan,Imported,
Material,597,1195,Дымчатый Алмаз 813 2800х2070х16 Byspan,Imported,
Material,598,1196,Ель Альпийская 546  2800х2070х16 Byspan,Imported,
Material,599,1197,Капучино 806 2800х2070х16 Byspan,Imported,
Material,600,1198,Ледяное дерево 581 2800х2070х16 Byspan,Imported,
Material,601,1199,Мрамор Каррара 851 2800х2070х16 Byspan,Imported,
Material,602,1200,Мрамор Неро Маркина 854 2800х2070х16 Byspan,Imported,
Material,603,1201,Оникс 817 2800х2070х16 Byspan,Imported,
Material,604,1202,Орех Американский 216 2800х2070х16 Byspan,Imported,
Material,605,1203,Пепел 621 2800х2070х16 Byspan,Imported,
Material,606,1204,Серый 612 2800х2070х16 Byspan,Imported,
Material,607,1205,Сосна Касцина 542 2800х2070х16 Byspan,Imported,
Material,608,1105,ЛДСП Адриатика 802 Ш 2750х1830х 16 мм ВД Нордеко,Imported,
Material,609,1106,ЛДСП Бежевый Шампань 742 Ш 2750х1830х 16 мм ШС Нордеко,Imported,
Material,610,1107,ЛДСП Белая 701 Г 2750х1830 х16 мм ШС Нордеко,Imported,
Material,611,865,ЛДСП Дуб Бунратти 190 Л 2750х1830х 10 мм ЧФ Нордеко,Imported,
Material,612,866,ЛДСП Дуб Вотан 201 Л 2750х1830х 10 мм ЧФ Нордеко,Imported,
Material,613,867,ЛДСП Дуб Шамони 124 Т 2750х1830х 10 мм ЧФ Нордеко,Imported,
Material,614,868,ЛДСП Сонома 107 Т 2750х1830 х10 мм ЧФ Нордеко,Imported,
Material,615,869,ЛДСП Сосна Нордик 231 Л 2750х1830х 10 мм ЧФ Нордеко,Imported,
Material,616,870,ЛДСП Ясень Анкор 239 Л 2750х1830 10 мм ЧФ Нордеко,Imported,
Material,617,871,ЛДСП Ясень Анкор 242 Л 2750х1830х 10 мм ЧФ Нордеко,Imported,
Material,618,872,ЛДСП Ясень Шимо 245 Т 2750х1830х 10 мм ЧФ Нордеко,Imported,
Material,620,1108,ЛДСП Белая 701 Т 2750х1830 х16мм NORDECO,Imported,
Material,621,1109,ЛДСП Белая 701 Ш ВЛАГОСТ 2750х1830 х16мм NORDECO,Imported,
Material,622,1110,ЛДСП Белый Жемчуг 709 Ш 2750х1830х16мм NORDECO,Imported,
Material,623,1111,ЛДСП Белый лотос 813 Ш 2750х1830х16мм NORDECO,Imported,
Material,624,1112,ЛДСП Бетон Пайн 826 Т 2750х1830х16мм NORDECO,Imported,
Material,625,1113,ЛДСП Бук Бавария 265 Т 2750х1830х 16мм NORDECO,Imported,
Material,626,1114,ЛДСП Вишня Оксфорд 380 Т 2750х1830х16мм NORDECO,Imported,
Material,627,1115,ЛДСП Грейдж 859 Ш 2750х1830х16мм NORDECO,Imported,
Material,628,1116,ЛДСП Дуб Апрельский Нордик 262 Л 2750х1830х16мм NORDECO,Imported,
Material,629,1117,ЛДСП Дуб Бунратти 190 Л 2750х1830 х16мм NORDECO,Imported,
Material,630,1118,ЛДСП Дуб Венге 138 Т 2750х1830х16мм NORDECO,Imported,
Material,631,1119,ЛДСП Дуб Вотан 201 Л 2750х1830х16мм NORDECO,Imported,
Material,632,1120,ЛДСП Дуб золотой ультра 184 Л 2750х1830х16мм NORDECO,Imported,
Material,633,1121,ЛДСП Дуб Катания 160 Л 2750х1830 х16мм NORDECO,Imported,
Material,634,1122,ЛДСП Дуб Молочный 126 Т 2750х1830 х16мм NORDECO,Imported,
Material,635,1123,ЛДСП Дуб Патинато 246 Л 2750х1830х16мм NORDECO,Imported,
Material,636,1124,ЛДСП Дуб Сандал 180 Л 2750х1830 х16мм NORDECO,Imported,
Material,637,1125,ЛДСП Дуб Харбор 128 Л 2750х1830х16мм NORDECO,Imported,
Material,638,1126,ЛДСП Дуб Чанкли 120 Л 2750х1830х16мм NORDECO,Imported,
Material,639,1127,ЛДСП Дуб Честерфилд 185 Л 2750х1830х16мм NORDECO,Imported,
Material,640,1128,ЛДСП Дуб Шамони 122 Т 2750х1830х16мм NORDECO,Imported,
Material,641,1129,ЛДСП Дымчатый зеленый 301 Ш 2750х1830х16мм NORDECO,Imported,
Material,642,1130,ЛДСП Зейдан 271 Л 2750х1830х16мм NORDECO,Imported,
Material,643,1131,ЛДСП Зейдан ЛДСП Зейдан 271 Т 2750х1830х16мм NORDECO,Imported,
Material,644,1132,ЛДСП Капучино 718 Ш 2750х1830х16мм NORDECO,Imported,
Material,645,1133,ЛДСП Кашемир 800 Ш 2750х1830х16мм NORDECO,Imported,
Material,646,1134,ЛДСП Клен Танзай 673 Т 2750х1830х16мм NORDECO,Imported,
Material,647,1135,ЛДСП Оникс 389 Ш 2750х1830 х16мм NORDECO,Imported,
Material,648,1136,ЛДСП Орех 510 Т 2750х1830 х16мм NORDECO,Imported,
Material,649,1137,ЛДСП Орех 517 Т 2750х1830х 16мм NORDECO,Imported,
Material,650,1138,ЛДСП Орех 519 Т 2750х1830 х16мм NORDECO,Imported,
Material,651,1139,ЛДСП Пасифай 303 Ш 2750х1830х 16мм NORDECO,Imported,
Material,652,1140,ЛДСП Петра 502 Ш 2750х1830 х16мм NORDECO,Imported,
Material,653,1141,ЛДСП Пикард 161 Л 2750х1830 х16мм NORDECO,Imported,
Material,654,1142,ЛДСП Пыльный розовый 750 Ш 2750х1830х 16мм NORDECO,Imported,
Material,655,1143,ЛДСП Светло-серая 772 Ш 2750х1830 х16мм NORDECO,Imported,
Material,656,1144,ЛДСП Серый дымчатый 300 Ш 2750х1830 х16мм NORDECO,Imported,
Material,657,1145,ЛДСП Сливочный 394 Ш 2750х1830х16мм NORDECO,Imported,
Material,658,1146,ЛДСП Сонома 107 Т 2750х1830 х16 мм NORDECO,Imported,
Material,659,1147,ЛДСП Сосна Винтер 235 Л 2750х1830 х16 мм NORDECO,Imported,
Material,660,1148,ЛДСП Супер Белая 705 Ш 2750х1830 х16 мм NORDECO,Imported,
Material,661,1149,ЛДСП Таксония 171 Л 2750х1830 х16мм NORDECO,Imported,
Material,662,1150,ЛДСП Тауп 360 Ш 2750х1830 х16мм NORDECO,Imported,
Material,663,1151,ЛДСП Титан 883 Ш 2750х1830 х16мм NORDECO,Imported,
Material,664,1152,ЛДСП Файерстоун 269 Ш 2750х1830 х16мм NORDECO,Imported,
Material,665,1153,ЛДСП Цемент 822 Ш Темный 2750х1830 х16мм NORDECO,Imported,
Material,666,1154,ЛДСП Цемент 824 Ш Светлый 2750х1830 х16мм NORDECO,Imported,
Material,667,1155,ЛДСП Юстус ЛДСП Юстус 268 Л1 2750х1830 х16мм NORDECO,Imported,
Material,668,1156,ЛДСП Ярко-желтая 744 Ш 2750х1830 х16мм NORDECO,Imported,
Material,669,1157,ЛДСП Ясень Анкор 238 Л 2750хх1830 х16мм NORDECO,Imported,
Material,670,1158,ЛДСП Ясень Анкор 239 Л 2750х1830 х16мм NORDECO,Imported,
Material,671,1159,ЛДСП Ясень Анкор 242 Л 2750х1830 х16мм NORDECO,Imported,
Material,672,1160,ЛДСП Ясень Ориноко 249 Л 2750х1830 х16мм NORDECO,Imported,
Material,673,1161,ЛДСП Ясень Шимо 243 Тёмн 2750х1830х 16мм NORDECO,Imported,
Material,674,1162,ЛДСП Ясень Шимо 245 Светл. 2750х1830 х16мм NORDECO,Imported,
Material,675,1163,ЛДСП Ясмунд 167 Л 2750х1830х 16мм NORDECO,Imported,
Material,676,1164,ЛДСП Ясмунд 167 Т 2750х1830х16мм NORDECO,Imported,
Material,677,41,Увадрев-NoName,Imported,
Material,678,261,Swiss Crono-NoName,Imported,
Material,679,1069,Lamarty-NoName,Imported,
Material,680,345,Swiss Crono-NoName2,Imported,
Material,681,514,Egger-NoName,Imported,
Material,682,1178,Byspan-NoName,Imported,
Material,683,817,LDSP-10mm-NoName,Imported,
Material,684,873,LDSP-22-25mm-NoName,Imported,
Material,685,1104,Nordeko-NoName,Imported,
Material,686,378,ЛДСП Бежевый 0522 PE (2800х2070х16мм) Ультрадекор,Imported,
Material,687,379,ЛДСП Белый влагостойкий 0101 SM (2800х2070х16мм) Ультрадекор,Imported,
Material,688,380,ЛДСП Белый гладкий 0101 SM (2800х2070х16мм) Ультрадекор,Imported,
Material,689,381,ЛДСП Белый снег 8685 SN (2800х2070х16мм) Ультрадекор,Imported,
Material,690,382,ЛДСП Белый шагрень 0101 PE (2800х2070х16мм) Ультрадекор,Imported,
Material,691,383,ЛДСП Береза снежная 1715 BS (2800х2070х16мм) Ультрадекор,Imported,
Material,692,384,ЛДСП Бронзовый век 8348 PE (2800х2070х16мм) Ультрадекор,Imported,
Material,693,385,ЛДСП Венге 0854 BS (2800х2070х16мм) Ультрадекор,Imported,
Material,694,386,ЛДСП Венге цаво 3354 PR (2500х1830х16мм) Ультрадекор,Imported,
Material,695,1165,ЛДСП 16мм Серый дымчатый 300 (Шагрень) 2750х1830 NORDECO,Imported,
Material,696,580,ЛМДФ H1344 ST32 Дуб Шерман Коньяк Коричневый 2800х2070 Egger,Imported,
Material,697,387,Гикори Рокфорд Светлый K085 PW (2800х2070х16мм) Ультрадекор,Imported,
Material,698,388,ЛДСП Альби полночно-синий 5994 SU (2800х2070х16мм) Ультрадекор,Imported,
Material,699,389,ЛДСП Ателье Темное 4299 SU (2800х2070х16мм) Ультрадекор,Imported,
Material,700,390,ЛДСП Базальтовый С166 BS (2800х2070х16мм) Ультрадекор,Imported,
Material,701,391,ЛДСП Безмолвная Пустыня К514 SU (2800х2070х16мм) Ультрадекор,Imported,
Material,702,392,ЛДСП Бетонный камень К350 RT (2800х2070х16мм) Ультрадекор,Imported,
Material,703,393,ЛДСП Вишня дворковая 0344 PR (2800х2070х16мм) Кроношпан,Imported,
Material,704,394,ЛДСП Вяз Либерти Светлый К017 PW (2800х2070х16мм) Ультрадекор,Imported,
Material,705,395,ЛДСП Вяз натуральный благородный 5500 SU (2800х2070х16мм) Ультрадекор,Imported,
Material,706,396,ЛДСП Гикори Рокфорд Темный K087 PW (2800х2070х16мм) Ультрадекор,Imported,
Material,707,397,ЛДСП Дуб Барокко золотой K535 PW (2800х2070х16мм) Ультрадекор,Imported,
Material,708,398,ЛДСП Дуб Кастелло Медовый K358 PW (2800х2070х16мм) Ультрадекор,Imported,
Material,709,399,ЛДСП Дуб Крафт Золотой К003 PW (2800х2070х16мм) Ультрадекор,Imported,
Material,710,400,ЛДСП Дуб Приморский Сатиновый К081 PW (2800х2070х16мм) Ультрадекор,Imported,
Material,711,401,ЛДСП Дуб сонома светлый 3025 PR (2800х2070х16мм) Ультрадекор,Imported,
Material,712,402,ЛДСП Дуб Урбан Кофейный К007 PW (2800х2070х16мм) Ультрадекор,Imported,
Material,713,403,ЛДСП Дуб Урбан Ойстер К005 PW (2800х2070х16мм) Ультрадекор,Imported,
Material,714,404,ЛДСП Дуб Урбан Янтарный К006 PW (2800х2070х16мм) Ультрадекор,Imported,
Material,715,405,ЛДСП Дуб Харбор Винтажный K360 PW (2800х2070х16мм) Ультрадекор,Imported,
Material,716,406,ЛДСП Дуб Харбор Золотой K361 PW (2800х2070х16мм) Ультрадекор,Imported,
Material,717,407,ЛДСП Дуб Эвок Прибрежный К365 PW (2800х2070х16мм) Ультрадекор,Imported,
Material,718,408,ЛДСП Дуб Экспресив Бронзовый К090 PW (2800х2070х16мм) Ультрадекор,Imported,
Material,719,409,ЛДСП Дуб Эндгрейн Элегантный K107 PW (2800х2070х16мм) Ультрадекор,Imported,
Material,720,410,ЛДСП Железный камень К352 RT (2800х2070х16мм) Ультрадекор,Imported,
Material,721,411,ЛДСП Зебрано нюанс 8656 SN (2800х2070х16мм) Ультрадекор,Imported,
Material,722,412,ЛДСП Зеленая Мамба 7190 BS (2800х2070х16мм) Ультрадекор,Imported,
Material,723,413,ЛДСП Капри синий 0121 BS (2800х2070х16мм) Ультрадекор,Imported,
Material,724,414,ЛДСП Капучино 0301 (новый С339) SU (2800х2070х16мм) Ультрадекор,Imported,
Material,725,415,ЛДСП Каштан Арвадонна Угольный К534 AD (2800х2070х16мм) Ультрадекор,Imported,
Material,726,416,ЛДСП Коко-Бола 8995 SN (2800х2070х16мм) Ультрадекор,Imported,
Material,727,417,ЛДСП Королевский Синий 0125 BS (2800х2070х16мм) Ультрадекор,Imported,
Material,728,418,ЛДСП Крослайн Латте 8361 SN (2800х2070х16мм) Ультрадекор,Imported,
Material,729,419,ЛДСП Лазурный Голубой К517 SU (2800х2070х16мм) Ультрадекор,Imported,
Material,730,420,ЛДСП Латте 7166 BS (2800х2070х16мм) Ультрадекор,Imported,
Material,731,421,ЛДСП Макиато 8533 ( новый С336) BS (2800х2070х16мм) Ультрадекор,Imported,
Material,732,422,ЛДСП Мидия 5982 (новый С343) BS (2800х2070х16мм) Ультрадекор,Imported,
Material,733,423,ЛДСП Оранжевый 0132 BS (2800х2070х16мм) Ультрадекор,Imported,
Material,734,424,ЛДСП Орегон 5529 SN (2800х2070х16мм) Ультрадекор,Imported,
Material,735,425,ЛДСП Орех селект темный К009 PW (2800х2070х16мм) Ультрадекор,Imported,
Material,736,426,ЛДСП Орех экко 9459 PR (2800х2070х16мм) Ультрадекор,Imported,
Material,737,427,ЛДСП Пастельный зеленый 7063 SU (2800х2070х16мм) Ультрадекор,Imported,
Material,738,428,ЛДСП Песочный 0515ре (2800х2070х16мм) Ультрадекор,Imported,
Material,739,429,ЛДСП Платина гладкая 0859 SM (2800х2070х16мм) Ультрадекор,Imported,
Material,740,430,ЛДСП Пудровый К512 SU (2800х2070х16мм) Ультрадекор,Imported,
Material,741,431,ЛДСП Ржавый камень К351 RT (2800х2070х16мм) Ультрадекор,Imported,
Material,742,432,ЛДСП Сатин 7045 PE (2800х2070х16мм) Ультрадекор (Шампань),Imported,
Material,743,433,ЛДСП Сатин 7045 SU (2800х2070х16мм) Ультрадекор (Шампань),Imported,
Material,744,434,ЛДСП Северное дерево светлое 8508 SN (2800х2070х16мм) Ультрадекор,Imported,
Material,745,435,ЛДСП Серый Камень 0112 PE (2800х2070х16мм) Ультрадекор,Imported,
Material,746,436,ЛДСП Серый шифер 0171 РЕ (2800х2070х16мм) Ультрадекор,Imported,
Material,747,437,ЛДСП Скандинавское дерево белое К088 PW (2800х2070х16мм) Ультрадекор,Imported,
Material,748,438,ЛДСП Слоновая кость 0514 (новый С341) PE (2800х2070х16мм) Ультрадекор,Imported,
Material,749,439,ЛДСП Сумеречный Голубой К097 SU (2800х2070х16мм) Ультрадекор,Imported,
Material,750,440,ЛДСП Тоффи К516 SU (2800х2070х16мм) Ультрадекор,Imported,
Material,751,441,ЛДСП Угольный камень К353 RT (2800х2070х16мм) Ультрадекор,Imported,
Material,752,442,ЛДСП Файнлайн Мокка 8548 SN (2800х2070х16мм) Ультрадекор,Imported,
Material,753,443,ЛДСП Файнлайн светлый 8547 SN (2800х2070х16мм) Ультрадекор,Imported,
Material,754,444,ЛДСП Холодный Серый 0191 SU (2800х2070х16мм) Ультрадекор,Imported,
Material,755,445,ЛДСП Черный шагрень 0190 PE (2800х2070х16мм) Ультрадекор,Imported,
Material,756,446,ЛДСП Шиншилла серая 0197 SU (2800х2070х16мм) Ультрадекор,Imported,
Material,757,377,Ультрадекор-NoName,Imported,
Material,758,298,ЛДСП Пепельный U112 PE (2750х1830х16мм) СВИСС КРОНО,Imported,
Material,759,119,ЛДСП Цемент светлый 3719 LF (2750х1830х16мм) Увадрев,Imported,
Material,760,447,ЛДСП Ароза Ласточкин Хвост K538 PN2800x2070x16 мм Ultradecor,Imported,
Material,761,448,ЛДСП  Атрвуд Темный К084 SN 16 ,Imported,
Material,762,120,ЛДСП Велюр 7508 PE (2750х1830х10мм) Увадрев,Imported,
Material,763,121,ЛДСП Мокко 2502 PE (2750х1830х16мм) Увадрев,Imported,
Material,764,449,"ЛДСП Глиняный Серый K096 SU 2800x2070x16 мм, Kronospan",Imported,
Material,765,122,ЛДСП Дуб Эльза 9107 PR (2750х1830х16мм) Увадрев,Imported,
Material,766,123,ЛДСП Ясень Анкор светлый 31104 PR (2750х1830х16мм) Увадрев,Imported,
Material,767,299,ЛДСП Сосна Лапландия D4086 MX (2750х1830х16мм) СВИСС КРОНО,Imported,
Material,768,300,ЛДСП Ясень Анкор светлый D1879 MX (2750х1830х16мм) СВИСС КРОНО,Imported,
Material,769,450,ЛДСП Артвуд Светлый K083CM 16мм,Imported,
Material,770,451,ЛДСП Дуб Крафт Белый К001 PW (2800х2070х16мм) Ультрадекор,Imported,
Material,771,452,ЛДСП K080 PW Дуб Приморский Белый 16280x2070 Кроношпан,Imported,
Material,772,453,"ЛДСП Сосна Лофт Белая (K010 SN) 2800x2070x16 мм, Kronospan",Imported,
Material,773,124,ЛДСП Белая Лиственница 2149 PR (2750х1830х16мм) Увадрев,Imported,
Material,774,125,ЛДСП Дуб шамони светлый 2156 PR (2750х1830х16мм) Увадрев,Imported,
Material,775,301,ЛДСП Бодега светлый D1441 MX (2750х1830х16мм) СВИСС КРОНО,Imported,
Material,776,302,ЛДСП Катхульт D4093 MX (2750х1830х16мм) СВИСС КРОНО,Imported,
Material,777,303,ЛДСП Нежный каштан D20120OW-16mm ,Imported,
Material,778,304,ЛДСП Дуб Бунратти светлый D4068 SE (2750х1830х16мм) СВИСС КРОНО,Imported,
Material,779,305,ЛДСП Дуб Малетто D6901 OW (2750х1830х16мм) СВИСС КРОНО,Imported,
Material,780,454,ЛДСП Бук Артизан Перламутровый К012 SU (2800х2070х16мм) Ультрадекор,Imported,
Material,781,126,ЛДСП Батл Рок 1137 PR (2750х1830х16мм) Увадрев,Imported,
Material,782,127,ЛДСП Дуб Ирландский 31156 PR (2750х1830х16мм) Увадрев,Imported,
Material,783,128,ЛДСП Авелано 9118 EW (2750х1830х16мм) Увадрев,Imported,
Material,784,306,ЛДСП Дуб Вотан D1860 SE (2750х1830х16мм) СВИСС КРОНО,Imported,
Material,785,455,ЛДСП Дуб нагано 8431SM Ультрадекор  ,Imported,
Material,786,369,ЛДСП Ясень Анкор светлый D1879 MX (2800х2070х16мм) СВИСС КРОНО,Imported,
Material,787,1166,ЛДСП антрацит 777 (2750х1830х16),Imported,
Material,788,1167,ЛДСП Беж Камео 712 Ш 27501830 16 мм,Imported,
Material,789,1168,ЛДСП Велюр 738  27501830 16 мм,Imported,
Material,790,1169,ЛДСП Мокка 716 Ш 27501830 16 мм УД,Imported,
Material,791,1170,ЛДСП Дуб Эльза 910 Л 27501830 16 мм УД,Imported,
Material,792,129,ЛДСП Гаскон Пайн Светлый 31172 TS (2750х1830х16мм) Увадрев,Imported,
Material,793,456,ЛДСП Бук Артизан Песочный К013 SU (2800х2070х16мм) Ультрадекор,Imported,
Material,794,457,ЛДСП Блэквуд Ячменный К021 SN (2800х2070х16мм) Ультрадекор,Imported,
Material,795,458,ЛДСП Гикори Рокфорд Натуральный K086 PW (2800х2070х16мм) Ультрадекор,Imported,
Material,796,459,"ЛДСП Дуб Барбера Песчаный K543 SN 2800x2070x16 мм, Kronospan",Imported,
Material,797,1171,ЛДСП Бадега 381 св. Л 27501830 16 мм УД,Imported,
Material,798,1172,ЛДСП Дуб Роше 195 Л 27501830 16 мм УД,Imported,
Material,799,1173,ЛДСП Дуб Делано 135 Д 27501830 16 мм КР,Imported,
Material,800,1174,ЛДСП Сосна Нордик 231 Л 27501830 16 мм УД ,Imported,
Material,801,1175,ЛДСП Дуб Шамони 124 Т светл. 27501830 16 мм ЧФ,Imported,
Material,802,1176,ЛДСП Дуб Антик 103 Л 27501830 16 мм УД,Imported,
Material,803,460,ЛДСП 2800x2070x16 мм Ultradecor  Дуб Крафт Табачный K004 PW,Imported,
Material,804,461,ЛДСП Дуб Кастелло Бренди К359 PW (2800х2070х16мм) Ультрадекор,Imported,
Material,805,462,ЛДСП Дуб Сильверджек Винтажный K545 RW Ультрадекор,Imported,
Material,806,463,ЛДСП  Дуб Бурбон K082 PW Ультрадекор,Imported,
Material,807,464,Орех Тьеполо 8953 SU 2800х2070 Ультрадекор.,Imported,
Material,808,465,Дуб Барокко Янтарный K536 RW 2800х2070 Ультрадекор.,Imported,
Material,809,130,ЛДСП Авелано U9119 TS 2750183016 Увадрев,Imported,
Material,810,132,ЛДСП Дуб Табачный U1147 2750183016 МР Увадрев,Imported,
Material,811,131,"ЛДСП Ясень Анкор U31105 PR 2750x1830x16 мм, Увадрев",Imported,
Material,812,307,ЛДСП Дуб Апрельский D4085 OW (2750х1830х16мм) СВИСС КРОНО,Imported,
Material,813,308,ЛДСП Орех Ликата ЛДСП Орех Ликата D4087 OW (2750х1830х16мм) СВИСС КРОНО,Imported,
Material,814,309,ЛДСП Ясень Анкор темный D1887 MX (2750х1830х16мм) СВИСС КРОНО,Imported,
Material,815,310,ЛДСП Бодега темный D1436 MX (2750х1830х16мм) СВИСС КРОНО,Imported,
Material,816,311,ЛДСП Венге магия D2226 SE (2750х1830х16мм) СВИСС КРОНО,Imported,
Material,817,40,test uvq (удалён),Imported,
Material,818,1177,ЛДСП Перламутр 756 Ш 27501830 16 мм УД,Imported,
Material,819,176, в продаже образцы Увадрев (удалён),Imported,
Material,821,133,ЛДСП U9118 EW 16мм Авелано 2750х1830 Увадрев,Imported,
Material,822,134,ЛДСП U9712 LF 16мм Айрон Рок 2750х1830 Увадрев,Imported,
Material,823,135,ЛДСП U1178 TS 16мм Ардо 2750х1830 Увадрев,Imported,
Material,824,136,ЛДСП U1137 TS 16мм Батл Рок 2750х1830 Увадрев,Imported,
Material,825,137,ЛДСП U2149 PR 16мм Белая Лиственница 2750х1830 Увадрев,Imported,
Material,826,138,ЛДСП U1655 SM1 16мм Белый гладкий 2750х1830 Увадрев,Imported,
Material,827,139,ЛДСП U1655 LF 16мм Белый лофт 2750х1830 Увадрев,Imported,
Material,828,140,ЛДСП U1655 PR 16мм Белый поры дерева 2750х1830 Увадрев,Imported,
Material,829,141,ЛДСП U1655 PE 16мм Белый шагрень 2750х1830 Увадрев,Imported,
Material,830,142,ЛДСП U1915 PR 16мм Вишня академия 2750х1830 Увадрев,Imported,
Material,831,143,ЛДСП U1114 PR 16мм Вяз швейцарский 2750х1830 Увадрев,Imported,
Material,832,144,ЛДСП U31171 TS 16мм Гаскон Пайн 2750х1830 Увадрев,Imported,
Material,833,145,ЛДСП U1134 PR 16мм Грей ,Imported,
Material,834,146,ЛДСП U1134 TS 16мм Грей Фокс 2750х1830 Увадрев,Imported,
Material,835,147,ЛДСП U9117 TS 16мм Грейвуд 2750х1830 Увадрев,Imported,
Material,836,148,ЛДСП U3513 PE 16мм Дасти Грин 2750х1830 Увадрев,Imported,
Material,837,149,ЛДСП U3513 PR 16мм Дасти Грин 2750х1830 Увадрев,Imported,
Material,838,150,ЛДСП U3176 PR 16мм Дуб баррик темный 2750х1830 Увадрев,Imported,
Material,839,151,ЛДСП U31155 PR 16мм Дуб Бунратти 2750х1830 Увадрев,Imported,
Material,840,152,ЛДСП U2130 PR 16мм Дуб Верцаска 2750х1830 Увадрев,Imported,
Material,841,178,ЛДСП U2167 TS 16мм Дуб Вотан 2750х1830 Увадрев (удалён),Imported,
Material,842,153,ЛДСП U31156 TS 16мм Дуб Ирландский  2750х1830 Увадрев,Imported,
Material,843,154,ЛДСП U2157 PR 16мм Дуб Каньон 2750х1830 Увадрев,Imported,
Material,844,155,ЛДСП U3194 PR 16мм Дуб сакраменто темный 2750х1830 Увадрев,Imported,
Material,845,179,ЛДСП U2169 PR 16мм Дуб Серый 2750х1830 Увадрев (удалён),Imported,
Material,846,156,ЛДСП U2123 PR 16мм Дуб сонома светлый 2750х1830 Увадрев,Imported,
Material,847,157,ЛДСП U9610 PR 16мм Дуб французский 2750х1830 Увадрев,Imported,
Material,848,180,ЛДСП U2718 MP 16мм Елочка арктическая 2750х1830 Увадрев (удалён),Imported,
Material,849,158,ЛДСП U1505 PE 16мм Зефир 2750х1830 Увадрев,Imported,
Material,850,159,ЛДСП U3133 PR 16мм Индиан Эбони темный 2750х1830 Увадрев,Imported,
Material,851,160,ЛДСП U9713 SM1 16мм Кайлас 2750х1830 Увадрев,Imported,
Material,852,161,ЛДСП U3706 PE 16мм Камень Светлый 2750х1830 Увадрев,Imported,
Material,853,162,ЛДСП U3705 LF 16мм Камень темный 2750х1830 Увадрев,Imported,
Material,854,163,ЛДСП U1129 PR 16мм Катхал 2750х1830 Увадрев,Imported,
Material,855,164,ЛДСП U9708 SM 16мм Креатель 2750х1830 Увадрев,Imported,
Material,856,165,ЛДСП U9123 LF 16мм Марун 2750х1830 Увадрев,Imported,
Material,857,166,ЛДСП U9123 PE 16мм Марун 2750х1830 Увадрев,Imported,
Material,858,167,ЛДСП U9705 LF 16мм Грей Метрополитан 2750х1830 Увадрев,Imported,
Material,859,168,ЛДСП U9705 PE 16мм Метрополитан Грей 2750х1830 Увадрев,Imported,
Material,860,169,ЛДСП U1720 РЕ 16мм Мистик 2750х1830 Увадрев,Imported,
Material,861,170,ЛДСП U2502 PR 16мм Мокко 2750х1830 Увадрев,Imported,
Material,862,171,ЛДСП U9528 PE 16мм Монстера 2750х1830 Увадрев,Imported,
Material,863,172,ЛДСП U3700 PE 16мм Мунлайт 2750х1830 Увадрев,Imported,
Material,864,173,ЛДСП U1600 PЕ 16мм Нави/Бриз  2750х1830 Увадрев,Imported,
Material,865,174,ЛДСП U1133 PR 16мм Невис 2750х1830 Увадрев,Imported,
Material,866,175,ЛДСП U3147 PR 16мм Ноче ,Imported,
Material,867,181,ЛДСП U9716 SM1 16мм Океано 2750х1830 Увадрев,Imported,
Material,868,182,ЛДСП U1608 PE 16мм Оливия 2750х1830 Увадрев,Imported,
Material,869,183,ЛДСП U9523 PR 16мм Ольха светлая 2750х1830 Увадрев,Imported,
Material,870,184,ЛДСП U9612 PR 16мм Орех Гепланкт 2750х1830 Увадрев,Imported,
Material,871,185,ЛДСП U7507 PE 16мм Охра 2750х1830 Увадрев,Imported,
Material,872,186,ЛДСП U1306 РЕ 16мм Перламутр влагостойкая 2750х1830 Увадрев,Imported,
Material,873,187,ЛДСП U1306 SM1 16мм Перламутр 2750х1830 Увадрев,Imported,
Material,874,188,ЛДСП U1125 PR 16мм Пикар 2750х1830 Увадрев,Imported,
Material,875,189,ЛДСП U3501 PE 16мм Розовый 2750х1830 Увадрев,Imported,
Material,876,190,ЛДСП U1135 PR 16ммРэд Фокс 2750х1830 Увадрев,Imported,
Material,877,191,ЛДСП U9709 LF 16мм Сабия 2750х1830 Увадрев,Imported,
Material,878,192,ЛДСП U9709 SM 16мм Сабия 2750х1830 Увадрев,Imported,
Material,879,193,ЛДСП U3301 PE 16мм Серебро 2750х1830 Увадрев,Imported,
Material,880,194,ЛДСП U9201 PE 16мм Серый ,Imported,
Material,881,195,ЛДСП U7601 PE 16мм Синий Королевский 2750х1830 Увадрев (удалён),Imported,
Material,882,196,ЛДСП U2109 PR 16мм Слива валлис 2750х1830 Увадрев,Imported,
Material,883,197,ЛДСП U2713 PE 16мм Спринт 2750х1830 Увадрев,Imported,
Material,884,198,ЛДСП U31120 TS 16мм Таксония 2750х1830 Увадрев,Imported,
Material,885,199,ЛДСП U3723 PE 16мм Тела серая 2750х1830 Увадрев,Imported,
Material,886,200,ЛДСП U2601 PE 16мм Темно-серый 2750х1830 Увадрев,Imported,
Material,887,201,ЛДСП U1606 PE 16мм Терракота 2750х1830 Увадрев,Imported,
Material,888,202,ЛДСП U1507 РЕ 16мм Трюфель 2750х1830 Увадрев,Imported,
Material,889,203,ЛДСП U3603 PE 16мм Фиолет 2750х1830 Увадрев,Imported,
Material,890,204,ЛДСП U3720 LF 16мм Цемент темный 2750х1830 Увадрев,Imported,
Material,891,205,ЛДСП U0080 LF 16мм Черный 2750х1830 Увадрев,Imported,
Material,892,206,ЛДСП U0080 PE 16мм Черный 2750х1830 Увадрев,Imported,
Material,893,207,ЛДСП U31136 PR 16мм Черный Ясень 2750х1830 Увадрев,Imported,
Material,894,208,ЛДСП U1508 PE 16мм Шалфей 2750х1830 Увадрев,Imported,
Material,895,209,ЛДСП 1704 PE 16мм Шане 2750х1830 Увадрев,Imported,
Material,896,210,ЛДСП U31195 LF 16мм Шанико светлый 2750х1830 Увадрев,Imported,
Material,897,211,ЛДСП U1159 MP 16мм Штейн светлый 2750х1830 Увадрев (удалён),Imported,
Material,898,212,ЛДСП U1159 PR 16мм Штейн светлый 2750х1830 Увадрев (удалён),Imported,
Material,899,213,ЛДСП U1710 SM 16мм Этерно 2750х1830 Увадрев,Imported,
Material,900,214,ЛДСП U9714 LF 16мм Этна 2750х1830 Увадрев,Imported,
Material,901,215,ЛДСП U9714 SM 16мм Этна 2750х1830 Увадрев,Imported,
Material,902,216,ЛДСП U3127 PR 16мм Ясень шимо светлый 2750х1830 Увадрев,Imported,
Material,903,217,ЛДСП U1605 SM1 16мм Белый Экспо гладкий 2750х1830 Увадрев,Imported,
Material,904,218,ЛДСП U1605 LF 16мм Белый Экспо лофт 2750х1830 Увадрев,Imported,
Material,905,219,ЛДСП U1605 PE 16мм Белый Экспо шагрень 2750х1830 Увадрев,Imported,
Material,906,220,ЛДСП U31148 LF 16мм Бетон Пайн Светлый 2750х1830 Увадрев,Imported,
Material,907,221,ЛДСП 1127 PR 16мм Боб Пайн 2750х1830Увадрев,Imported,
Material,908,222,ЛДСП 1127 TS 16мм Боб Пайн 2750х1830Увадрев (удалён),Imported,
Material,909,223,ЛДСП 9502 PR 16мм 2750х1830 Бук бавария темный Увадрев,Imported,
Material,910,224,ЛДСП U9510 PR 16мм Бук натур 2750х1830 Увадрев,Imported,
Material,911,225,ЛДСП U3144 PR 16мм Валенсия 2750х1830Увадрев,Imported,
Material,912,226,ЛДСП U31170 PR 16мм Ватервуд 2750х1830 Увадрев,Imported,
Material,913,227,ЛДСП 3104 PR 16мм Венге конго 2750х1830 Увадрев,Imported,
Material,914,228,ЛДСП U1104 PR 16мм Венге линум 2750х1830 Увадрев,Imported,
Material,915,229,ЛДСП U1702 SM1 16мм Венециано 2750х1830 Увадрев,Imported,
Material,916,466,ЛДСП 16 мм Kronospan K515 SU Пряный Красный 2800x2070мм,Imported,
Material,917,467,ЛДСП 16 мм Kronospan K541 PN Тессеа Серо-бежевый 2800x2070мм,Imported,
Material,918,468,"ЛДСП 16мм Серый Альбус (K540 PN), 2800х2070мм Ультрадекор",Imported,
Material,919,469,"ЛДСП 16мм Тессеа Мокка (K542 PN), 2800х2070мм Ультрадекор",Imported,
Material,920,470,ЛДСП 7181 BS Темный Шоколад Ультрадекор,Imported,
Material,921,471,ЛДСП K020 PW Орех Селект Каминный Кроношпан,Imported,
Material,922,472,ЛДСП K022 SN Блэквуд Сатиновый Ультрадекор,Imported,
Material,923,473,ЛДСП K078 PW Вишня Риверсайд Темная Ультрадекор,Imported,
Material,924,474,ЛДСП K083 SN Артвуд Светлый Ультрадекор,Imported,
Material,925,475,ЛДСП K084 SN Артвуд Темный Ультрадекор,Imported,
Material,926,476,ЛДСП K355 PW Дуб Гранж Платиновый Ультрадекор,Imported,
Material,927,477,ЛДСП K356 PW Дуб Гранж Песочный Ультрадекор,Imported,
Material,928,478,ЛДСП K366 PW Дуб Эвок Окаменелый Ультрадекор,Imported,
Material,929,479,ЛДСП K514 SU Безмолвная Пустыня Ультрадекор,Imported,
Material,930,480,ЛДСП K537 RW Дуб Барокко Ристретто Ультрадекор,Imported,
Material,931,481,ЛДСП K539 PN Ароза Реликтовая Ультрадекор,Imported,
Material,932,482,ЛДСП K546 RW Орех Франклин Карамельный Ультрадекор,Imported,
Material,933,483,"ЛДСП «Ясень Прибрежный натуральный» K524 SN, 2800 x 2070 x 16 мм ULTRADECOR ",Imported,
Material,934,484,ЛДСП Антрацит 0164 PE (2800х2070х16мм) Ультрадекор,Imported,
Material,935,485,ЛДСП Ателье светлое 4298 SU (2800х2070х16мм) Ультрадекор,Imported,
Material,936,486,ЛДСП Ателье Темное 4299/1 SU (2800х2070х16мм) Ультрадекор (удалён),Imported,
Material,937,487,ЛДСП Базальтовый С166 BS\1 (2800х2070х16мм) Ультрадекор (удалён),Imported,
Material,938,488,ЛДСП Белый жемчуг 8100 SM (2800х2070х16мм) Ультрадекор,Imported,
Material,939,489,ЛДСП Бензин 0244 SU (2800х2070х16мм) Ультрадекор,Imported,
Material,940,490,ЛДСП Бук светлый 0381 PR (2500х1830х16мм) Ультрадекор,Imported,
Material,941,491,ЛДСП Венге 0854 BS (2800х2070х22мм) Ультрадекор,Imported,
Material,942,492,ЛДСП Венге Винтаж 7648 SN Ультрадекор (2800х2070х16мм),Imported,
Material,943,493,ЛДСП Вяз Либерти Дымчатый К018 PW (2800х2070х16мм) Ультрадекор,Imported,
Material,944,494,ЛДСП Дуб Кастелло Серый К357 PW (2800х2070х16мм) Ультрадекор,Imported,
Material,945,495,ЛДСП Дуб Крафт Серый К002 PW (2800х2070х16мм) Ультрадекор,Imported,
Material,946,496,ЛДСП Дуб Эндгрейн Необработанный K105 PW (2800х2070х16мм) Ультрадекор,Imported,
Material,947,497,ЛДСП Дымчатый Зеленый К521 SU (2800х2070х16мм) Ультрадекор,Imported,
Material,948,498,ЛДСП Зеленый оксид 9561 BS (2800х2070х18мм) Ультрадекор,Imported,
Material,949,499,ЛДСП Зефир К513 SU (2800х2070х16мм) Ультрадекор снят с пр-ва,Imported,
Material,950,500,ЛДСП Кашемир 5981 BS (2800х2070х16мм) Ультрадекор,Imported,
Material,951,501,ЛДСП Кремовый 7031 РЕ (2800х2070х16мм) Ультрадекор,Imported,
Material,952,502,ЛДСП Миндаль 0564 PE (2800х2070х16мм) Ультрадекор,Imported,
Material,953,503,ЛДСП Морское дерево Карбон К016 PW (2800х2070х25мм) Ультрадекор,Imported,
Material,954,504,ЛДСП Ольха горская 1912 PR (2800х2070х16мм) Ультрадекор,Imported,
Material,955,505,ЛДСП Орех 0729 BS (2800х2070х16мм) Ультрадекор,Imported,
Material,956,506,ЛДСП Орех Лион светлый 9614 BS (2800х2070х16мм) Ультрадекор,Imported,
Material,957,507,ЛДСП Орех селект светлый К008 PW (2800х2070х16мм) Ультрадекор,Imported,
Material,958,508,ЛДСП Прибрежный синий С518 SU (2800х2070х16мм) Ультрадекор,Imported,
Material,959,509,ЛДСП Серый Графит 0162 РЕ (2800х2070х16мм) Ультрадекор,Imported,
Material,960,510,ЛДСП Серый Камень 0112 PE (2500х1830х16мм) Ультрадекор,Imported,
Material,961,511,ЛДСП Скандинавское дерево серое K089 PW (2800х2070х16мм) Ультрадекор,Imported,
Material,962,512,ЛДСП Стальной Серый 1700 (новый С340) PE (2800х2070х16мм) Ультрадекор,Imported,
Material,963,513,ЛДСП Шелковый камень К349 RT (2800х2070х16мм) Ультрадекор,Imported,
Material,964,312,ЛДСП Бетон D3274 VL (2750х1830х16мм) СВИСС КРОНО,Imported,
Material,965,313,ЛДСП Гикори Джексон светлый D4230 OW (2750х1830х16мм) СВИСС КРОНО,Imported,
Material,966,314,ЛДСП Гикори Джексон темный D4067 OW (2750х1830х16мм) СВИСС КРОНО,Imported,
Material,967,315,ЛДСП Дуб белфорд D3922 PR (2750х1830х16мм) СВИСС КРОНО,Imported,
Material,968,316,ЛДСП Дуб белфорд D3922 SE (2750х1830х16мм) СВИСС КРОНО,Imported,
Material,969,317,ЛДСП Дуб Бунратти D4069 SE (2750х1830х16мм) СВИСС КРОНО,Imported,
Material,970,318,ЛДСП Дуб молочный D9116 SE (2750x1830x16мм) СВИСС КРОНО снято с пр-ва,Imported,
Material,971,319,ЛДСП Дуб серо-бежевый D4429 OW (2750х1830х16мм) СВИСС КРОНО,Imported,
Material,972,320,ЛДСП Дуб Сонома D8129 SE (2750х1830х16мм) СВИСС КРОНО,Imported,
Material,973,321,ЛДСП Месмери D4017 SE (2750х1830х16мм) СВИСС КРОНО,Imported,
Material,974,322,ЛДСП Ольха D9310 SE (2750х1830х16мм) СВИСС КРОНО,Imported,
Material,975,324,ЛДСП Орех гварнери D722 SE(2750х1830х16мм) СВИСС КРОНО,Imported,
Material,976,325,ЛДСП Орех гварнери D7221 SE(2750х1830х16мм) СВИСС КРОНО,Imported,
Material,977,323,ЛДСП Орех Экко D2251 SE (2750х1830х16мм) СВИСС КРОНО,Imported,
Material,978,326,ЛДСП Сосна Карелия D2061 SE (2750х1830х16мм) СВИСС КРОНО снят с пр-ва,Imported,
Material,979,327,ЛДСП Черный Неро U10187 PE (2750х1830х16мм) СВИСС КРОНО,Imported,
Material,980,328,ЛДСП Ясень белый D4426 OW (2750х1830х16мм) СВИСС КРОНО,Imported,
Material,981,230,test (удалён),Imported,
Material,982,231,Тестовый материал (удалён),Imported,
Material,983,329,ЛДСП Белая Аляска шагрень U8681 PE (2750х1830х16мм) СВИСС КРОНО,Imported,
Material,984,330,ЛДСП Белая Аляска гладкая U8681 SM (2750х1830х16мм) СВИСС КРОНО,Imported,
Material,985,1103,Фантом K ЛДСП 2750183016 Lamarty,Imported,
Material,986,232,ЛДСП U1655 TS 16мм Белый шпон 2750х1830 Увадрев,Imported,
Material,987,233,ЛДСП U9525 PR 16мм Вяз светлый 2750х1830 Увадрев,Imported,
Material,988,234,ЛДСП U3169 PR 16мм Джара Мистери 2750х1830 Увадрев,Imported,
Material,989,235,ЛДСП Джара Мистери 3169 TS (2750х1830х16мм) Увадрев,Imported,
Material,990,236,ЛДСП U1148 PR 16мм Дуб Золотистый 2750х1830 Увадрев,Imported,
Material,991,237,ЛДСП U2155 PR 16мм Дуб Линдберг 2750х1830 Увадрев,Imported,
Material,992,238,ЛДСП U2169 PR 16мм Дуб Серый 2750х1830 Увадрев,Imported,
Material,993,239,ЛДСП U2301 PE 16мм Золотая патина 2750х1830 Увадрев,Imported,
Material,994,240,ЛДСП U3138 PR 16мм Индиан Эбони светлый 2750х1830 Увадрев,Imported,
Material,995,241,ЛДСП U1708 LF 16мм Кастелло 2750х1830 Увадрев,Imported,
Material,996,242,ЛДСП U1136 SM 16мм Лагос 2750х1830 Увадрев,Imported,
Material,997,243,ЛДСП U3502 PE 16мм Лимон 2750х1830 Увадрев,Imported,
Material,998,244,ЛДСП U2502 LF 16мм Мокко 2750х1830 Увадрев,Imported,
Material,999,245,ЛДСП U1500 PR 16мм Ольха темная 2750х1830 Увадрев,Imported,
Material,1000,246,ЛДСП U2503 PE 16мм Пале пинк 2750х1830 Увадрев,Imported,
Material,1001,247,ЛДСП U9717 PE 16мм Плуто 2750х1830 Увадрев,Imported,
Material,1002,248,ЛДСП U9710 FR 16мм Рейн Изумруд 2750х1830 Увадрев,Imported,
Material,1003,249,ЛДСП U7601 PE 16мм Синий Королевский 2750х1830 Увадрев,Imported,
Material,1004,250,ЛДСП U3719 PE 16мм Цемент светлый 2750х1830 Увадрев,Imported,
Material,1005,251,ЛДСП U9135 MP 16мм Эмили Блаш 2750х1830Увадрев,Imported,
Material,1006,252,ЛДСП U31106 PR 16мм Ясень Анкор 2750х1830 Увадрев,Imported,
Material,1007,253,ЛДСП U1127 TS 16мм Боб Пайн 2750х1830 Увадрев,Imported,
Material,1008,254,ЛДСП U3180 ТS 16мм Бодега Белый 2750х1830 Увадрев (удалён),Imported,
Material,1009,255,ЛДСП U2108 PR 16мм Венге цаво 2750х1830 Увадрев,Imported,
Material,1010,256,ЛДСП U2121 PR16мм Дуб сонома влагостойкая 2750х1830 Увадрев (удалён),Imported,
Material,1011,257,ЛДСП U2601 PE 16мм Темно-серый влагостойкий 2750х1830 Увадрев,Imported,
Material,1012,258,ЛДСП U1605 SM 16мм Белый Экспо влагостойкая 2750х1830 Увадрев (удалён),Imported,
Material,1013,331,ЛДСП D3274 GT 16мм Бетон 2750x1830 SWISS CRONO,Imported,
Material,1014,332,ЛДСП D3274 SM 16мм Бетон 2750х1830 SWISS CRONO,Imported,
Material,1015,333,ЛДСП D4433 MX 16мм Вяз Белый 2750х1830 SWISS CRONO,Imported,
Material,1016,334,ЛДСП D4230 SE 16мм Гикори Джексон светлый   2750х1830 SWISS CRONO,Imported,
Material,1017,335,ЛДСП D4068 OW 16мм Дуб Бунратти светлый 2750х1830 SWISS CRONO,Imported,
Material,1018,336,ЛДСП D1860 OW 16мм Дуб Вотан 2750х1830 SWISS CRONO,Imported,
Material,1019,337,ЛДСП U190 PE 16мм Черный шагрень 2750х1830 SWISS CRONO,Imported,
Material,1020,338,ЛДСП D2077 PE 16мм Бежевый 2750х1830 SWISS CRONO,Imported,
Material,1021,259,ЛДСП K101 SM 16мм Белый гладкий 2750х1830 SWISS CRONO,Imported,
Material,1022,339,ЛДСП K101 PE 16мм Белый шагрень 2750х1830 SWISS CRONO,Imported,
Material,1023,340,ЛДСП D 9200 16мм Бук Бавария 2750х1830 SWISS CRONO,Imported,
Material,1024,260,ЛДСП D4405 SE 16мм Бук Бранденбург натуральный 2750х1830 SWISS CRONO,Imported,
Material,1025,341,ЛДСП D3114 SM 16мм Графит2750х1830 SWISS CRONO,Imported,
Material,1026,342,ЛДСП D664 SE 16мм Груша дикая 2750х1830 SWISS CRONO,Imported,
Material,1027,343,ЛДСП D6901 MX 16мм Дуб Малетто 2750х1830 SWISS CRONO,Imported,
Material,1028,344,ЛДСП D8622 SE 16мм Дуб Девонширский 2750х1830 SWISS CRONO,Imported,
Material,1029,370,ЛДСП D9116 SE 16мм Дуб молочный 2800х2070 SWISS CRONO,Imported,
Material,1030,371,ЛДСП D3114 VL 16мм Графит 2800х2070 SWISS CRONO,Imported,
Material,1031,372,ЛДСП D 9200 16мм Бук Бавария 2800х2070 SWISS CRONO (удалён),Imported,
Material,1032,373,ЛДСП D1436 MX 16мм Бодега темный 2800х2070 SWISS CRONO,Imported,
Material,1033,374,ЛДСП К110 SM 16мм Белый гладкий 2800х2070 SWISS CRONO,Imported,
Material,1034,375,ЛДСП D1860 SE 16мм Дуб Вотан 2800х2070 SWISS CRONO,Imported,
Material,1035,376,ЛДСП D1860 OW 16мм Дуб Вотан 2800х2070 SWISS CRONO,Imported,
Material,1036,515,ЛДСП AU325 SТ9 16мм Розовый антик 2800х2070 Egger,Imported,
Material,1037,581,ЛДСП AU507 ST9 16мм Дымчато-голубой 2800х2070 Egger,Imported,
Material,1038,582,ЛДСП AU604 ST9 Зеленый эвкалипт 2800х2070 Egger,Imported,
Material,1039,583,ЛДСП AU636 ST9 16мм Фьерд зеленый 2800х2070 Egger,Imported,
Material,1040,584,ЛДСП AU638 ST9 16мм Зелёный шалфеевый 2800х2070 Egger,Imported,
Material,1041,585,ЛДСП AU665 ST9 16мм Зеленый камень 2800х2070 Egger,Imported,
Material,1042,586,ЛДСП AU818 ST9 16мм Темно-коричневый 2800х2070 Egger,Imported,
Material,1043,587,ЛДСП F186 ST9 16мм Бетон Чикаго светло-серый 2800х2070 Egger,Imported,
Material,1044,588,ЛДСП F187 ST9 16мм Бетон Чикаго темно-серый 2800х2070 Egger,Imported,
Material,1045,589,ЛДСП F206 ST9 16мм Камень Пьетра Гриджиа черный 2800х 2070 Egger,Imported,
Material,1046,590,ЛДСП F235 ST10 16мм Сланец Скиваро 2800х2070 Egger,Imported,
Material,1047,591,ЛДСП F243 ST10 16мм Мрамор Кандела светло-серый 2800х2070 Egger,Imported,
Material,1048,592,ЛДСП F323 ST20 16мм Кобра бронза 2800х2070 Egger,Imported,
Material,1049,593,ЛДСП F433 ST10 16мм Лен Антрацит 2800х2070 Egger,Imported,
Material,1050,594,ЛДСП F501 ST2 16мм Алюминий матированный 2800х2070 Egger,Imported,
Material,1051,595,ЛДСП W1100 ST30 16мм Белый Альпийский  2800х2070 Egger,Imported,
Material,1052,596,ЛДСП W960 SM 16мм Белый классический 2800х2070 Egger,Imported,
Material,1053,597,ЛДСП W960 ST7 16мм Белый классический 2800х2070 Egger,Imported,
Material,1054,598,ЛДСП Н1313 SТ10 16мм Дуб Уайт-Ривер серо-коричневый 2800х2070 Egger,Imported,
Material,1055,599,ЛДСП Н1345 ST32 16мм Дуб Шерман серый 2800х2070 Egger,Imported,
Material,1056,600,ЛДСП Н1487 ST22 16мм Пихта Брамберг 2800х2070 Egger,Imported,
Material,1057,601,ЛДСП Н1714 SТ19 16мм Орех Линкольн  2800х2070 Egger,Imported,
Material,1058,602,ЛДСП Н1715 SТ12 16мм Орех Парона 2800х2070 Egger,Imported,
Material,1059,603,ЛДСП Н2033 SТ10 16мм Дуб Хантон темный 2800x2070 Egger,Imported,
Material,1060,604,ЛДСП Н3003 ST19 16мм Дуб Норидж 2800х2070 Egger,Imported,
Material,1061,605,ЛДСП Н309 ST12 16мм Дуб Тонсберг коричневый 2800х2070 Egger,Imported,
Material,1062,606,ЛДСП Н3157 SТ12 16мм Дуб Винченца  2800х2070 Egger,Imported,
Material,1063,607,ЛДСП Н3178 SТ37 16мм 2800х2070 Дуб Галифакс глазурованный черный Egger,Imported,
Material,1064,608,ЛДСП Н3450 SТ22 16мм Флитвуд белый 2800х2070 Egger,Imported,
Material,1065,609,ЛДСП Н3730 ST10 16мм Гикори натуральный  2800х2070 Egger,Imported,
Material,1066,610,ЛДСП Н3840 ST9 16мм Клен Мандал натуральный 2800x2070 Egger,Imported,
Material,1067,611,ЛДСП Н3860 ST9 16мм Клен сахарный шампань 2800х2070 Egger,Imported,
Material,1068,612,ЛДСП H1367 ST40 16мм Дуб Каселла натуральный светлый 2800х2070 Egger,Imported,
Material,1069,613,ЛДСП F637 ST16 16мм Хромикс белый  2800х2070 Egger,Imported,
Material,1070,614,ЛДСП F642 ST16 16мм Хромикс бронза  2800х2070 Egger,Imported,
Material,1071,615,ЛДСП H1113 ST10 16мм Дуб Канзас корич. 2800х2070 Egger,Imported,
Material,1072,616,ЛДСП H1123 ST22 16мм Древесина графит 2800х2070 Egger,Imported,
Material,1073,617,ЛДСП H1199 ST12 16мм Дуб термо черно-коричневый  2800х2070 Egger,Imported,
Material,1074,618,ЛДСП H1223 ST19 16мм Ясень Севилья 2800х2070 Egger,Imported,
Material,1075,619,ЛДСП H1303 ST12 16мм Дуб Бельмонт коричневый 2800х2070 Egger,Imported,
Material,1076,620,ЛДСП H1362 ST12 16мм Дуб Барония светлый  2800х2070 Egger,Imported,
Material,1077,621,ЛДСП H1399 ST10 16мм ДУБ Денвер трюфель 2800х2070 Egger,Imported,
Material,1078,622,ЛДСП H1401 ST22 16мм Сосна Касцина 2800х2070 Egger,Imported,
Material,1079,623,ЛДСП H1486 ST36 16мм Сосна Пасадена 2800х2070 Egger,Imported,
Material,1080,624,ЛДСП H1910 ST9 16мм Бук луговой 2800х2070 Egger,Imported,
Material,1081,625,ЛДСП H3131 ST12 16мм ДуБ Давос натуральный 2800х2070 Egger,Imported,
Material,1082,626,ЛДСП H3156 SТ12 16мм ДУБ Корбридж серый 2800х2070Egger,Imported,
Material,1083,627,ЛДСП H3170 ST12 16мм Дуб Кендал натуральный 2800х2070 Egger,Imported,
Material,1084,628,ЛДСП H3190 ST19 16мм Металлик Файнлайн антрацит   2800х2070 Egger,Imported,
Material,1085,629,ЛДСП H3195 ST19 16мм Файнлайн белый 2800х2070 Egger,Imported,
Material,1086,630,ЛДСП H3197 ST19 16мм Файнлайн средне-серый 2800х2070 Egger,Imported,
Material,1087,631,ЛДСП H3198 ST19 16мм Файнлайн темно-серый 2800х2070 Egger,Imported,
Material,1088,632,ЛДСП H3303 ST10 16мм ДуБ Гамильтон натуральный  2800х2070 Egger,Imported,
Material,1089,633,ЛДСП H3331 ST10 16мм Дуб Небраска натуральный 2800х2070 Egger,Imported,
Material,1090,634,ЛДСП H3395 SТ12 16мм Дуб Корбридж натуральный 2800х2070 Egger,Imported,
Material,1091,635,ЛДСП H3398 ST12 16мм Дуб Кендал коньяк 2800х2070 Egger,Imported,
Material,1092,636,ЛДСП H3430 ST22 16мм Сосна Аланд белая  2800х2070 Egger,Imported,
Material,1093,637,ЛДСП H3433 ST22 16мм Сосна Аланд полярная  2800х2070 Egger,Imported,
Material,1094,638,ЛДСП U104 ST9 16мм Алебастр белый 2800х2070 Egger,Imported,
Material,1095,639,ЛДСП U115 ST9 16мм Карат бежевый 2800х2070 Egger,Imported,
Material,1096,640,ЛДСП U131 ST9 16мм Цитрусовый желтый 2800х2070 Egger,Imported,
Material,1097,641,ЛДСП U200 ST9 16мм Бежевый 2800х2070 Egger,Imported,
Material,1098,642,ЛДСП U211 ST9 16мм Миндаль бежевый 2800х2070 Egger,Imported,
Material,1099,643,ЛДСП U216 ST9 16мм Камель бежевый 2800х2070 Egger,Imported,
Material,1100,644,ЛДСП U599 ST9 16мм Индиго синий  2800х2070 Egger,Imported,
Material,1101,645,ЛДСП U699 ST9 16мм Зеленый еловый 2800х2070 Egger,Imported,
Material,1102,646,ЛДСП U702 ST9 16мм Кашемир серый 2800х2070 Egger,Imported,
Material,1103,647,ЛДСП U707 ST9 16мм Шелк Серый 2800х2070 Egger,Imported,
Material,1104,648,ЛДСП U727 ST9 16мм Серый камень 2800х2070 Egger,Imported,
Material,1105,649,ЛДСП U732 ST9 16мм Серый асфальт 2800х2070 Egger,Imported,
Material,1106,650,ЛДСП U740 ST9 16мм Серо-коричневый темный 2800х2070 Egger,Imported,
Material,1107,651,ЛДСП U741 ST9 16мм Лава серая 2800х2070 Egger,Imported,
Material,1108,652,ЛДСП U748 ST9 16мм Трюфель коричневый 2800х2070 Egger,Imported,
Material,1109,653,ЛДСП U750 ST9 16мм Ярко-серый  2800х2070 Egger,Imported,
Material,1110,654,ЛДСП U763 ST9 16мм Серый перламутровый 2800х2070 Egger,Imported,
Material,1111,655,ЛДСП U767 ST9 16мм Кубанит серый  2800x070 Egger,Imported,
Material,1112,656,ЛДСП U775 ST9 16мм Серый дымчатый 2800х2070Egger,Imported,
Material,1113,657,ЛДСП U780 ST9 16мм Серый монументальный  2800х2070 Egger,Imported,
Material,1114,658,ЛДСП U788 ST9 16мм Арктика серый  2800х2070 Egger,Imported,
Material,1115,659,ЛДСП U818 ST9 16мм Темно-коричневый 2800х2070 Egger,Imported,
Material,1116,660,ЛДСП U960 ST9 16мм Оникс серый 2800х2070 Egger,Imported,
Material,1117,661,ЛДСП U961 ST19 16мм Черный графит 2800х2070 Egger,Imported,
Material,1118,662,ЛДСП U963 SТ9 16мм Диамант серый 2800х2070 Egger,Imported,
Material,1119,663,ЛДСП U968 ST9 16мм Серый уголь 2800*2070 Egger,Imported,
Material,1120,664,ЛДСП U999 ST19 16мм Черный 2800х2070 Egger,Imported,
Material,1121,665,ЛДСП U999 ST7 16мм Черный  2800х2070 Egger,Imported,
Material,1122,666,ЛДСП W1000 ST19 16мм Белый премиум 2800х2070 Egger,Imported,
Material,1123,667,ЛДСП W1000 ST9 16мм Белый премиум 2800х2070 Egger,Imported,
Material,1124,926,ЛДСП D4094 OW 25мм Тиберо 2750х1830 Swiss Crono,Imported,
Material,1125,927,ЛДСП D30237 VL 25мм Цемент 2750х1830 Swiss Crono,Imported,
Material,1126,928,ЛДСП D4080 OW 25мм Дуб Делано темный 2750х1830 Swiss Crono,Imported,
Material,1127,929,ЛДСП D6901 OW 25мм Дуб Малетто 2750х1830 Swiss Crono,Imported,
Material,1128,930,ЛДСП D4093 МХ 25мм Катхульт 2750х1830 Swiss Crono,Imported,
Material,1129,931,ЛДСП D4017 SE 25мм Месмери 2750х1830 Swiss Crono,Imported,
Material,1130,932,ЛДСП D9310 SE 25мм Ольха 2750х1830 Swiss Crono,Imported,
Material,1131,933,ЛДСП D2251 PR 25мм Орех экко 2750х1830 Swiss Crono,Imported,
Material,1132,934,ЛДСП U119 VL 25мм Светло-бежевый 2750х1830 Swiss Crono,Imported,
Material,1133,935,ЛДСП U171 VL 25мм Серый темный 2750х1830 Swiss Crono,Imported,
Material,1134,936,ЛДСП D4086 25мм Сосна Лапландия МХ 2750х1830 Swiss Crono,Imported,
Material,1135,937,ЛДСП D190 PE 25мм Черный 2750х1830 Swiss Crono,Imported,
Material,1136,938,ЛДСП U10187 PE 25мм Черный 2750х1830 Swiss Crono,Imported,
Material,1137,939,ЛДСП D4091 OW 25мм Юта 2750х1830 Swiss Crono,Imported,
Material,1138,940,ЛДСП D1879 МХ 25мм Ясень Анкор светлый 2750х1830 Swiss Crono,Imported,
Material,1139,941,ЛДСП D4426 OW 25мм Ясень белый 2750х1830 Swiss Crono,Imported,
Material,1140,942,ЛДСП D2077 PE 25мм Бежевый 2750X1830 Swiss Crono,Imported,
Material,1141,943,ЛДСП D8681 PE 25мм Белая Аляска 2750X1830 Swiss Crono,Imported,
Material,1142,944,ЛДСП D10437 SM 25мм Белая базовый 2750*1830 Swiss Crono,Imported,
Material,1143,945,ЛДСП К101 SM 25мм Белая гладкая 2750х1830 Swiss Crono,Imported,
Material,1144,946,ЛДСП К101 PE 25мм Белая шагрень 2750х1830 Swiss Crono,Imported,
Material,1145,947,ЛДСП D3274 VL 25мм Бетон 2750х1830 Swiss Crono,Imported,
Material,1146,948,ЛДСП D1441 МХ 25мм Бодега светлый 2750х1830 Swiss Crono,Imported,
Material,1147,949,ЛДСП D2226 SE 25мм Венге магия 2750х1830 Swiss Crono,Imported,
Material,1148,950,ЛДСП D2712 SE 25мм Венге цаво 2750х1830 Swiss Crono,Imported,
Material,1149,951,ЛДСП D4092 МХ 25мм Винтерберг 2750х1830 Swiss Crono,Imported,
Material,1150,952,ЛДСП D4433 МХ 25мм Вяз белый 2750х1830 Swiss Crono,Imported,
Material,1151,953,ЛДСП  D3114 VL 25мм Графит 2750х1830 Swiss Crono,Imported,
Material,1152,954,ЛДСП D10257 VL 25мм Грейдж 2750х1830 Swiss Crono,Imported,
Material,1153,955,ЛДСП D4068 SE 25мм Дуб Бунратти светлый 2750*1830 Swiss Crono,Imported,
Material,1154,956,ЛДСП D1860 OW 25мм Дуб Вотан 2750*1830 Swiss Crono,Imported,
Material,1155,957,ЛДСП D4079 OW 25мм Дуб Делано 2750х1830 Swiss Crono,Imported,
Material,1156,958,ЛДСП D4081 OW 25мм Дуб Делано серый 2750х1830 Swiss Crono,Imported,
Material,1157,959,ЛДСП U1306 PE 25мм Перламутр 2750х1830 Увадрев,Imported,
Material,1158,960,ЛДСП U2601 PE 25мм Темно-серый 2750х1830 Увадрев,Imported,
Material,1159,961,ЛДСП U3719 LF 25мм Цемент светлый 2750х1830 Увадрев,Imported,
Material,1160,962,ЛДСП U0080 PE 25мм Черный  2750х1830 Увадрев,Imported,
Material,1161,963,ЛДСП 31106 PR 25мм Ясень Анкор 2750х1830 Увадрев,Imported,
Material,1162,964,ЛДСП U3128 PR 25мм Ясень шимо темный 2750х1830 Увадрев,Imported,
Material,1163,965,ЛДСП U1137 PR 25мм Батл Рок 2750х1830 Увадрев,Imported,
Material,1164,966,ЛДСП U1605 PE 25мм Белый Экспо шагрень 2750х1830 Увадрев,Imported,
Material,1165,967,ЛДСП U2167 TS 25мм Дуб Вотан 2750х1830 Увадрев,Imported,
Material,1166,968,ЛДСП U2155 PR 25мм Дуб Линдберг 2750х1830 Увадрев,Imported,
Material,1167,969,ЛДСП U1095 PR 25мм Дуб млечный 2750х1830 Увадрев,Imported,
Material,1168,970,ЛДСП U3129 PR 25мм Дуб сантана светлый 2750х1830 Увадрев,Imported,
Material,1169,971,ЛДСП U2121 PR 25мм Дуб сонома 2750х1830 Увадрев,Imported,
Material,1170,972,ЛДСП U2123 PR 25мм Дуб сонома светлый 2750х1830 Увадрев,Imported,
Material,1171,973,ЛДСП U2156 PR 25мм Дуб Шамони светлый 2750х1830 Увадрев,Imported,
Material,1172,974,ЛДСП U9107 PR 25мм Дуб Эльза 2750х1830 Увадрев,Imported,
Material,1173,975,ЛДСП U3705 PE 25мм Камень темный 2750х1830 Увадрев,Imported,
Material,1174,976,ЛДСП U9520 PR 25мм Клен танзай 2750х1830 Увадрев,Imported,
Material,1175,977,ЛДСП U1434 PR 25мм Ноче мария луиза 2750х1830 Увадрев,Imported,
Material,1176,978,ЛДСП U1555 PR 25мм Орех ноче экко 2750х1830 Увадрев,Imported,
Material,1177,979,ЛДСП W1000 ST9 25мм Белый Премиум 2800х2070 Egger,Imported,
Material,1178,980,ЛДСП W1000 ST38 25мм Белый Премиум 2800х2070 Egger,Imported,
Material,1179,981,ЛДСП W1000 ST19 25мм Белый Премиум 2800х2070 Egger,Imported,
Material,1180,982,ЛДСП W1200 ST9 25мм Фарфор белый 2800х2070 Egger,Imported,
Material,1181,983,ЛДСП W960 SM 25мм Белый классический 2800х2070 Egger,Imported,
Material,1182,984,ЛДСП W980 ST7 25мм Белый платиновый 2800х2070 Egger,Imported,
Material,1183,985,ЛДСП H1142 ST36 25мм Дуб Сакраменто коричневый 2800х2070 Egger,Imported,
Material,1184,986,ЛДСП H1176 ST37 25мм Дуб Галифакс белый 2800х2070 Egger,Imported,
Material,1185,987,ЛДСП H1199 ST12 25мм Дуб термо черно-коричневый 2800х2070 Egger,Imported,
Material,1186,988,ЛДСП H1223 ST19 25мм Ясень Севилья 2800х2070 Egger,Imported,
Material,1187,989,ЛДСП H3133 ST12 25мм Дуб Давос трюфель 2800х2070 Egger,Imported,
Material,1188,990,ЛДСП H3146 ST19 25мм Дуб Лоренцо бежево-серый 2800х2070 Egger,Imported,
Material,1189,991,ЛДСП H3152 ST19 25мм Дуб Виченца беленый 2800х2070 Egger,Imported,
Material,1190,992,ЛДСП H3156 ST12 25мм Дуб Корбридж серый 2800х2070 Egger,Imported,
Material,1191,993,ЛДСП H3170 ST12 25мм Дуб Кендал натуральный 2800х2070 Egger,Imported,
Material,1192,994,ЛДСП H3190 ST19 25мм Металлик Файнлайн антрацит 2800х2070 Egger,Imported,
Material,1193,995,ЛДСП H3195 ST19 25мм Файнлайн белый 2800х2070 Egger,Imported,
Material,1194,996,ЛДСП H1225 ST12 25мм Ясень Тронхейм 2800х2070 Egger,Imported,
Material,1195,997,ЛДСП H3197 ST19 25мм Файнлайн средне-серый 2800х2070 Egger,Imported,
Material,1196,998,ЛДСП H3198 ST19 25мм Файнлайн темно-серый 2800х2070 Egger,Imported,
Material,1197,999,ЛДСП H3303 ST10 25мм Дуб Гамильтон натуральный 2800х2070 Egger,Imported,
Material,1198,1000,ЛДСП H3309 ST28 25мм Дуб Гладстоун песочный 2800х2070 Egger,Imported,
Material,1199,1001,ЛДСП H3317 ST28 25мм Дуб Кунео коричневый 2800х2070 Egger,Imported,
Material,1200,1002,ЛДСП H3331 ST10 25мм Дуб Небраска натуральный 2800х2070 Egger,Imported,
Material,1201,1003,ЛДСП H3359 ST32 25мм Дуб Давенпорт натуральный светлый 2800х2070 Egger,Imported,
Material,1202,1004,ЛДСП H3395 ST12 25мм Дуб Корбридж натуральный 2800х2070 Egger,Imported,
Material,1203,1005,ЛДСП H3398 ST12 25мм Дуб Кендал коньяк 2800х2070 Egger,Imported,
Material,1204,1006,ЛДСП H3430 ST22 25мм Сосна Аланд белая 2800х2070 Egger,Imported,
Material,1205,1007,ЛДСП H3433 ST22 25мм Сосна Аланд полярная 2800х2070 Egger,Imported,
Material,1206,1008,ЛДСП H3450 ST22 25мм Флитвуд белый 2800х2070 Egger,Imported,
Material,1207,1009,ЛДСП H3700 ST10 25мм Орех Пацифик натуральный 2800х2070 Egger,Imported,
Material,1208,1010,ЛДСП H3702 ST10 25мм Орех Пацифик табак 2800х2070 Egger,Imported,
Material,1209,1011,ЛДСП H3734 ST9 25мм Орех Дижон натуральный 2800х2070 Egger,Imported,
Material,1210,1012,ЛДСП H3840 ST9 25мм Клен Мандаль натуральный 2800х2070 Egger,Imported,
Material,1211,1013,ЛДСП H3860 ST9 25мм Клен сахарный шампань 2800х2070 Egger,Imported,
Material,1212,1014,ЛДСП AU115 ST9 25мм Карат бежевый 2800х2070 Egger,Imported,
Material,1213,1015,ЛДСП AU321 ST9 25мм Красный китайский 2800х2070 Egger,Imported,
Material,1214,1016,ЛДСП AU604 ST9 25мм Зеленый эвкалипт 2800х2070 Egger,Imported,
Material,1215,1017,ЛДСП U104 ST9 25мм Алебастр белый 2800х2070 Egger,Imported,
Material,1216,1018,ЛДСП U201 ST9 25мм Серая галька 2800х2070 Egger,Imported,
Material,1217,1019,ЛДСП U211 ST9 25мм Миндаль бежевый 2800х2070 Egger,Imported,
Material,1218,1020,ЛДСП U216 ST9 25мм Камель бежевый 2800х2070 Egger,Imported,
Material,1219,1021,ЛДСП U222 ST9 25мм Крем бежевый 2800х2070 Egger,Imported,
Material,1220,1022,ЛДСП U504 ST9 25мм Альпийское озеро 2800х2070 Egger,Imported,
Material,1221,1023,ЛДСП H1242 ST10 25мм Акация Шеффилд натуральный 2800х2070 Egger,Imported,
Material,1222,1024,ЛДСП H1250 ST36 25мм Ясень Наварра 2800х2070 Egger,Imported,
Material,1223,1025,ЛДСП H1277 ST9 25мм Акация Лэйклэнд светлая 2800х2070 Egger,Imported,
Material,1224,1026,ЛДСП H1303 ST12 25мм Дуб Бельмонт коричневый 2800х2070 Egger,Imported,
Material,1225,1027,ЛДСП H1307 ST19 25мм Орех Вармия коричневый 2800х2070 Egger,Imported,
Material,1226,1028,ЛДСП H1312 ST10 25мм Дуб Уайт-Ривер песочно-бежевый 2800х2070 Egger,Imported,
Material,1227,1029,ЛДСП H1313 ST10 25мм Дуб Уайт-Ривер серо-коричневый 2800х2070 Egger,Imported,
Material,1228,1030,ЛДСП U525 ST9 25мм Делфт голубой 2800х2070 Egger,Imported,
Material,1229,1031,ЛДСП U702 ST9 25мм Кашемир серый 2800х2070 Egger,Imported,
Material,1230,1032,ЛДСП U707 ST9 25мм Шелк серый 2800х2070 Egger,Imported,
Material,1231,1033,ЛДСП U727 ST9 25мм Серый камень 2800х2070 Egger,Imported,
Material,1232,1034,ЛДСП U732 ST9 25мм Серый асфальт 2800х2070 Egger,Imported,
Material,1233,1035,ЛДСП U740 ST9 25мм Cеро-коричневый тёмный 2800х2070 Egger,Imported,
Material,1234,1036,ЛДСП U748 ST9 25мм Трюфель коричневый 2800х2070 Egger,Imported,
Material,1235,1037,ЛДСП U750 ST9 25мм Ярко-серый 2800х2070 Egger,Imported,
Material,1236,1038,ЛДСП U763 ST9 25мм Серый перламутровый 2800х2070 Egger,Imported,
Material,1237,1039,ЛДСП U775 ST9 25мм Серый дымчатый 2800х2070 Egger,Imported,
Material,1238,1040,ЛДСП U780 ST9 25мм Серый монументальный 2800х2070 Egger,Imported,
Material,1239,1041,ЛДСП U788 ST9 25мм Арктика серый 2800х2070 Egger,Imported,
Material,1240,1042,ЛДСП U899 ST9 25мм Нежный черный 2800х2070 Egger,Imported,
Material,1241,1043,ЛДСП U960 ST9 25мм Оникс серый 2800х2070 Egger,Imported,
Material,1242,1044,ЛДСП U961 ST7 25мм Черный графит 2800х2070 Egger,Imported,
Material,1243,1045,ЛДСП U963 ST9 25мм Диамант серый 2800х2070 Egger,Imported,
Material,1244,1046,ЛДСП U968 ST9 25мм Серый уголь 2800х2070 Egger,Imported,
Material,1245,1047,ЛДСП U999 ST19 25мм Черный 2800х2070 Egger,Imported,
Material,1246,1048,ЛДСП U999 ST7 25мм Черный 2800х2070 Egger,Imported,
Material,1247,1049,ЛДСП H1330 ST10 25мм Дуб Санта-Фе винтаж 2800х2070 Egger,Imported,
Material,1248,1050,ЛДСП H1344 ST32 25мм Дуб Шерман коньяк коричневый 2800х2070 Egger,Imported,
Material,1249,1051,ЛДСП H1346 ST32 25мм Дуб Шерман антрацит 2800х2070 Egger,Imported,
Material,1250,1052,ЛДСП H1362 ST12 25мм Дуб Барония светлый 2800х2070 Egger,Imported,
Material,1251,1053,ЛДСП H1399 ST10 25мм Дуб Денвер трюфель 2800х2070 Egger,Imported,
Material,1252,1054,ЛДСП H1401 ST22 25мм Сосна Касцина 2800х2070 Egger,Imported,
Material,1253,1055,ЛДСП H1487 ST22 25мм Пихта Брамберг 2800х2070 Egger,Imported,
Material,1254,1056,ЛДСП H1636 ST12 25мм Вишня Локарно 2800х2070 Egger,Imported,
Material,1255,1057,ЛДСП H1710 ST10 25мм Каштан Кентукки песочный 2800х2070 Egger,Imported,
Material,1256,1058,ЛДСП H1714 ST19 25мм Орех Линкольн 2800х2070 Egger,Imported,
Material,1257,1059,ЛДСП H1715 ST12 25мм Орех Парона 2800х2070 Egger,Imported,
Material,1258,1060,ЛДСП H1732 ST9 25мм Береза песочная 2800х2070 Egger,Imported,
Material,1259,1061,ЛДСП H1910 ST9 25мм Бук луговой 2800х2070 Egger,Imported,
Material,1260,1062,ЛДСП H2033 ST10 25мм Дуб Хантон темный 2800х2070 Egger,Imported,
Material,1261,1063,ЛДСП H3003 ST19 25мм Дуб Норидж 2800х2070 Egger,Imported,
Material,1262,1064,ЛДСП H3012 ST22 25мм Кокоболо натуральный 2800х2070 Egger,Imported,
Material,1263,1065,ЛДСП H3043 ST12 25мм Эвкалипт темно-коричневый 2800х2070 Egger,Imported,
Material,1264,1066,ЛДСП H305 ST12 25мм Дуб Тонсберг натуральный 2800х2070 Egger,Imported,
Material,1265,1067,ЛДСП H309 ST12 25мм Дуб Тонсберг коричневый 2800х2070 Egger,Imported,
Material,1266,1068,ЛДСП H3131 ST12 25мм Дуб Давос натуральный 2800х2070 Egger,Imported,